                  epoch,         train/box_loss,         train/cls_loss,         train/dfl_loss,   metrics/precision(B),      metrics/recall(B),       metrics/mAP50(B),    metrics/mAP50-95(B),           val/box_loss,           val/cls_loss,           val/dfl_loss,                 lr/pg0,                 lr/pg1,                 lr/pg2
                      1,                 4.9643,                 5.3119,                 3.9473,                0.00078,                0.00217,                 0.0004,                0.00011,                 4.8038,                  5.035,                 3.7057,               0.080412,             0.00039975,             0.00039975
                      2,                 4.3309,                 4.2986,                 3.2882,                0.01214,                0.01074,                0.00381,                0.00099,                 3.8382,                 3.3902,                 2.8813,                0.06081,             0.00079795,             0.00079795
                      3,                 3.1955,                 3.5577,                 2.5987,                0.06148,                0.07243,                 0.0403,                0.01472,                 2.3289,                 2.5604,                 1.9898,               0.041207,              0.0011944,              0.0011944
                      4,                 2.2298,                  2.798,                  1.938,                0.07768,                0.11107,                  0.067,                0.02831,                 1.8284,                 2.1696,                 1.6158,               0.021601,               0.001589,               0.001589
                      5,                 1.8382,                 2.3828,                 1.6589,                  0.153,                0.15213,                0.10905,                0.05022,                 1.5947,                 1.8423,                  1.455,              0.0019941,              0.0019818,              0.0019818
                      6,                 1.6555,                 2.1416,                 1.5044,                0.20182,                0.17941,                0.13514,                0.06577,                 1.4698,                 1.6787,                   1.35,              0.0019775,              0.0019775,              0.0019775
                      7,                 1.5595,                 1.9611,                 1.4194,                0.21919,                0.20376,                0.16444,                0.08077,                 1.4323,                 1.5516,                 1.3125,              0.0019775,              0.0019775,              0.0019775
                      8,                 1.5142,                  1.842,                 1.3654,                0.25366,                0.22649,                0.18717,                0.09463,                 1.3993,                 1.4653,                 1.2691,               0.001973,               0.001973,               0.001973
                      9,                 1.4951,                 1.7581,                 1.3298,                0.26551,                0.24973,                0.20759,                0.10545,                 1.4068,                  1.423,                 1.2495,              0.0019685,              0.0019685,              0.0019685
                     10,                 1.4718,                 1.6782,                 1.2977,                0.28499,                0.24807,                0.21647,                0.11249,                 1.3776,                  1.376,                 1.2192,               0.001964,               0.001964,               0.001964
                     11,                 1.4732,                 1.6264,                 1.2772,                0.29027,                0.25892,                0.22817,                0.11751,                 1.4275,                 1.3491,                  1.215,              0.0019595,              0.0019595,              0.0019595
                     12,                 1.4661,                 1.5664,                 1.2539,                0.32489,                0.27179,                0.24613,                0.12947,                  1.383,                 1.3094,                 1.1881,               0.001955,               0.001955,               0.001955
                     13,                 1.4728,                 1.5285,                 1.2441,                0.33816,                0.27803,                0.25652,                0.13613,                 1.3869,                 1.2627,                 1.1743,              0.0019505,              0.0019505,              0.0019505
                     14,                 1.4626,                 1.4845,                 1.2267,                0.34599,                0.29039,                0.27388,                0.14537,                 1.3876,                 1.2386,                 1.1635,               0.001946,               0.001946,               0.001946
                     15,                 1.4682,                 1.4634,                 1.2218,                0.36635,                0.30239,                 0.2858,                0.15215,                 1.4243,                 1.2196,                 1.1671,              0.0019415,              0.0019415,              0.0019415
                     16,                 1.4773,                 1.4305,                 1.2054,                0.37305,                0.31098,                0.29326,                0.15308,                 1.4458,                 1.1998,                 1.1664,               0.001937,               0.001937,               0.001937
                     17,                 1.4684,                 1.4048,                 1.2029,                0.38247,                0.31698,                0.29901,                0.15845,                 1.4413,                 1.1854,                 1.1568,              0.0019325,              0.0019325,              0.0019325
                     18,                  1.467,                 1.3823,                 1.1938,                0.39392,                0.31925,                0.30459,                0.16146,                 1.4325,                 1.1726,                 1.1451,               0.001928,               0.001928,               0.001928
                     19,                 1.4745,                 1.3601,                 1.1882,                0.40824,                0.32446,                0.31476,                0.16791,                 1.4354,                 1.1554,                 1.1409,              0.0019235,              0.0019235,              0.0019235
                     20,                 1.4706,                 1.3412,                 1.1777,                0.40562,                0.33187,                0.31672,                0.16844,                 1.4299,                   1.15,                 1.1336,               0.001919,               0.001919,               0.001919
                     21,                 1.4677,                 1.3297,                 1.1796,                0.41678,                0.33381,                 0.3294,                0.17841,                 1.4101,                 1.1275,                 1.1237,              0.0019145,              0.0019145,              0.0019145
                     22,                 1.4647,                 1.3061,                 1.1666,                0.41069,                0.34397,                0.33334,                0.17815,                 1.4546,                 1.1221,                 1.1338,                0.00191,                0.00191,                0.00191
                     23,                 1.4539,                 1.2914,                  1.164,                0.41518,                0.34998,                0.33688,                0.18087,                 1.4519,                 1.1208,                 1.1267,              0.0019055,              0.0019055,              0.0019055
                     24,                 1.4479,                 1.2704,                  1.154,                0.44014,                0.34698,                0.33944,                0.18373,                 1.4348,                 1.1077,                 1.1193,               0.001901,               0.001901,               0.001901
                     25,                 1.4541,                 1.2663,                 1.1569,                0.42557,                0.36136,                0.34611,                0.18906,                 1.3994,                 1.0933,                  1.108,              0.0018965,              0.0018965,              0.0018965
                     26,                 1.4478,                 1.2456,                 1.1459,                0.44124,                0.35428,                0.34801,                0.18808,                 1.4432,                 1.0901,                 1.1113,               0.001892,               0.001892,               0.001892
                     27,                 1.4471,                 1.2336,                  1.144,                 0.4455,                0.36034,                0.35507,                 0.1925,                 1.4453,                 1.0827,                 1.1127,              0.0018875,              0.0018875,              0.0018875
                     28,                 1.4407,                 1.2263,                   1.14,                0.45224,                0.35558,                0.35708,                0.19444,                 1.4276,                 1.0709,                 1.1067,               0.001883,               0.001883,               0.001883
                     29,                  1.437,                 1.2102,                 1.1357,                0.46606,                 0.3634,                0.36577,                0.19884,                 1.4345,                 1.0632,                 1.1038,              0.0018785,              0.0018785,              0.0018785
                     30,                  1.429,                 1.2044,                 1.1338,                0.46256,                0.37593,                0.37184,                0.20491,                 1.3959,                 1.0498,                 1.0925,               0.001874,               0.001874,               0.001874
                     31,                 1.4354,                 1.1975,                 1.1341,                0.47236,                0.37272,                0.37293,                0.20238,                 1.4662,                   1.06,                 1.1085,              0.0018695,              0.0018695,              0.0018695
                     32,                 1.4242,                 1.1913,                  1.133,                0.47119,                0.37523,                0.37695,                0.20724,                 1.4062,                 1.0398,                 1.0939,               0.001865,               0.001865,               0.001865
                     33,                 1.4172,                 1.1698,                 1.1241,                0.47259,                0.37879,                0.37987,                0.20911,                 1.4169,                 1.0413,                 1.0948,              0.0018605,              0.0018605,              0.0018605
                     34,                 1.4135,                 1.1664,                 1.1244,                0.47882,                0.38791,                0.38419,                0.21207,                 1.4128,                 1.0284,                 1.0879,               0.001856,               0.001856,               0.001856
                     35,                 1.4138,                  1.157,                 1.1191,                 0.4914,                0.38354,                0.38954,                0.21623,                 1.3959,                  1.019,                  1.084,              0.0018515,              0.0018515,              0.0018515
                     36,                 1.4074,                 1.1504,                 1.1198,                0.48579,                0.38667,                0.39076,                0.21479,                 1.4079,                  1.018,                 1.0864,               0.001847,               0.001847,               0.001847
                     37,                 1.3955,                 1.1374,                 1.1141,                0.49328,                0.38674,                0.39398,                0.21679,                 1.4171,                 1.0144,                 1.0877,              0.0018425,              0.0018425,              0.0018425
                     38,                 1.3917,                 1.1266,                 1.1089,                0.50525,                0.38925,                 0.3984,                0.21997,                 1.3929,                 1.0107,                 1.0785,               0.001838,               0.001838,               0.001838
                     39,                 1.3853,                  1.118,                  1.111,                0.49038,                0.40122,                 0.4005,                0.22111,                 1.4043,                 1.0045,                 1.0798,              0.0018335,              0.0018335,              0.0018335
                     40,                 1.3877,                 1.1165,                 1.1061,                0.49034,                0.39971,                0.40313,                0.22482,                 1.3759,                0.99453,                  1.072,               0.001829,               0.001829,               0.001829
                     41,                 1.3894,                 1.1167,                 1.1076,                0.49591,                0.39924,                0.40636,                0.22324,                 1.4247,                 1.0001,                 1.0828,              0.0018245,              0.0018245,              0.0018245
                     42,                 1.3914,                 1.1088,                 1.1036,                0.49302,                 0.4015,                0.40572,                0.22467,                 1.4043,                0.99622,                 1.0776,                0.00182,                0.00182,                0.00182
                     43,                 1.3725,                 1.0974,                 1.0981,                0.50509,                0.40069,                  0.408,                0.22725,                 1.3948,                0.99025,                 1.0748,              0.0018155,              0.0018155,              0.0018155
                     44,                 1.3669,                 1.0823,                 1.1002,                0.49364,                0.40724,                0.40808,                0.22689,                 1.3964,                0.98604,                 1.0748,               0.001811,               0.001811,               0.001811
                     45,                 1.3838,                 1.0978,                 1.1036,                0.50928,                0.40874,                0.41437,                0.23009,                 1.3997,                0.98304,                 1.0744,              0.0018065,              0.0018065,              0.0018065
                     46,                 1.3614,                 1.0798,                 1.0949,                0.50635,                0.41076,                0.41784,                0.23241,                 1.3974,                0.97845,                 1.0733,               0.001802,               0.001802,               0.001802
                     47,                 1.3561,                 1.0704,                 1.0948,                0.50848,                0.40855,                0.41649,                0.23244,                  1.396,                0.97342,                 1.0715,              0.0017975,              0.0017975,              0.0017975
                     48,                   1.36,                 1.0674,                 1.0927,                0.50748,                0.41491,                0.41877,                0.23309,                 1.3913,                 0.9711,                 1.0703,               0.001793,               0.001793,               0.001793
                     49,                  1.358,                 1.0659,                 1.0904,                0.51372,                0.41905,                0.42337,                 0.2362,                 1.3848,                0.96822,                 1.0666,              0.0017885,              0.0017885,              0.0017885
                     50,                 1.3536,                 1.0592,                 1.0926,                0.50942,                0.41671,                0.42421,                0.23661,                 1.3923,                0.96611,                 1.0689,               0.001784,               0.001784,               0.001784
                     51,                 1.3465,                 1.0517,                 1.0836,                0.51475,                0.41609,                0.42702,                0.23922,                 1.3828,                0.96248,                 1.0653,              0.0017795,              0.0017795,              0.0017795
                     52,                  1.358,                 1.0579,                 1.0888,                0.51725,                0.41858,                0.43095,                 0.2421,                 1.3733,                0.95569,                 1.0636,               0.001775,               0.001775,               0.001775
                     53,                 1.3387,                 1.0429,                 1.0824,                0.52038,                0.41948,                0.42984,                0.24329,                 1.3555,                0.95344,                 1.0586,              0.0017705,              0.0017705,              0.0017705
                     54,                 1.3362,                 1.0381,                 1.0821,                0.52929,                0.41366,                0.43271,                0.24187,                 1.3849,                0.95597,                 1.0646,               0.001766,               0.001766,               0.001766
                     55,                 1.3357,                 1.0386,                 1.0823,                0.51795,                0.42303,                0.43511,                0.24458,                 1.3756,                0.95171,                 1.0621,              0.0017615,              0.0017615,              0.0017615
                     56,                 1.3319,                   1.03,                 1.0789,                0.53741,                0.41109,                0.43108,                0.24235,                 1.3696,                 0.9505,                 1.0604,               0.001757,               0.001757,               0.001757
                     57,                 1.3309,                  1.028,                 1.0801,                0.52938,                0.42391,                0.43759,                0.24598,                  1.364,                0.94296,                 1.0575,              0.0017525,              0.0017525,              0.0017525
                     58,                 1.3287,                 1.0216,                  1.079,                0.52487,                0.42404,                 0.4375,                0.24681,                 1.3601,                0.94271,                 1.0573,               0.001748,               0.001748,               0.001748
                     59,                 1.3255,                 1.0217,                 1.0803,                0.52974,                 0.4227,                0.43974,                0.24725,                 1.3717,                0.94325,                 1.0592,              0.0017435,              0.0017435,              0.0017435
                     60,                 1.3228,                  1.014,                 1.0752,                0.53784,                0.42491,                0.44228,                0.25018,                 1.3593,                0.93995,                 1.0551,               0.001739,               0.001739,               0.001739
                     61,                 1.3259,                 1.0088,                 1.0757,                0.53688,                0.43107,                0.44612,                0.25205,                 1.3604,                0.93527,                 1.0549,              0.0017345,              0.0017345,              0.0017345
                     62,                 1.3245,                 1.0106,                 1.0743,                0.53237,                0.43405,                0.44408,                0.25177,                 1.3469,                 0.9322,                 1.0515,                0.00173,                0.00173,                0.00173
                     63,                 1.3222,                 1.0096,                 1.0735,                 0.5347,                0.43482,                0.44506,                0.25275,                 1.3534,                0.92921,                  1.053,              0.0017255,              0.0017255,              0.0017255
                     64,                 1.3135,                 0.9984,                 1.0706,                0.54235,                0.43223,                0.44666,                0.25255,                 1.3637,                0.93032,                 1.0547,               0.001721,               0.001721,               0.001721
                     65,                 1.3191,                 1.0045,                 1.0712,                0.54785,                0.43187,                0.44775,                0.25217,                 1.3686,                0.92976,                 1.0543,              0.0017165,              0.0017165,              0.0017165
                     66,                 1.3143,                0.99205,                 1.0731,                0.55046,                0.43052,                0.45104,                0.25482,                 1.3588,                0.92572,                 1.0527,               0.001712,               0.001712,               0.001712
                     67,                  1.308,                0.98681,                 1.0675,                0.53646,                0.43599,                0.44943,                0.25436,                   1.36,                0.92587,                 1.0527,              0.0017075,              0.0017075,              0.0017075
                     68,                 1.3075,                0.98401,                  1.066,                0.54636,                 0.4356,                0.45184,                0.25631,                 1.3583,                0.92147,                 1.0518,               0.001703,               0.001703,               0.001703
                     69,                  1.304,                0.98039,                  1.065,                0.54757,                0.43546,                0.45118,                0.25597,                 1.3607,                0.92005,                  1.052,              0.0016985,              0.0016985,              0.0016985
                     70,                 1.3076,                0.98031,                 1.0655,                0.54209,                0.44185,                0.45354,                 0.2579,                 1.3485,                0.91776,                 1.0492,               0.001694,               0.001694,               0.001694
                     71,                 1.2961,                0.97314,                 1.0636,                0.55294,                0.43719,                0.45484,                0.25852,                 1.3531,                0.91411,                 1.0488,              0.0016895,              0.0016895,              0.0016895
                     72,                 1.3039,                0.97592,                 1.0638,                0.54133,                 0.4419,                 0.4538,                0.25744,                 1.3536,                0.91603,                 1.0498,               0.001685,               0.001685,               0.001685
                     73,                 1.2967,                0.96874,                 1.0621,                0.54271,                0.44288,                0.45634,                 0.2594,                 1.3456,                0.91081,                 1.0478,              0.0016805,              0.0016805,              0.0016805
                     74,                 1.2982,                0.97008,                  1.061,                0.54343,                0.44791,                 0.4583,                 0.2604,                 1.3423,                 0.9076,                 1.0461,               0.001676,               0.001676,               0.001676
                     75,                 1.2945,                0.96301,                 1.0622,                0.54794,                0.44826,                0.45917,                0.26191,                 1.3407,                0.90938,                 1.0454,              0.0016715,              0.0016715,              0.0016715
                     76,                 1.2885,                0.95783,                  1.059,                0.55423,                0.44306,                0.45989,                0.26261,                 1.3375,                0.90589,                 1.0448,               0.001667,               0.001667,               0.001667
                     77,                 1.2784,                0.95123,                 1.0564,                0.55453,                0.44553,                0.46084,                0.26239,                 1.3525,                0.90667,                 1.0478,              0.0016625,              0.0016625,              0.0016625
                     78,                 1.2922,                0.95728,                 1.0557,                0.55483,                0.44535,                0.46276,                0.26236,                 1.3524,                0.90597,                 1.0478,               0.001658,               0.001658,               0.001658
                     79,                 1.2807,                0.94891,                 1.0556,                0.56038,                0.44411,                0.46342,                0.26385,                 1.3489,                0.90423,                 1.0459,              0.0016535,              0.0016535,              0.0016535
                     80,                 1.2802,                0.94962,                 1.0554,                0.55971,                0.44342,                0.46127,                0.26313,                 1.3439,                0.90418,                 1.0446,               0.001649,               0.001649,               0.001649
                     81,                 1.2741,                0.94217,                 1.0526,                0.55087,                0.44917,                0.46379,                0.26369,                 1.3452,                0.90137,                 1.0442,              0.0016445,              0.0016445,              0.0016445
                     82,                 1.2682,                0.94157,                 1.0508,                0.55418,                0.44941,                0.46358,                0.26545,                 1.3333,                0.89899,                 1.0409,                0.00164,                0.00164,                0.00164
                     83,                  1.283,                 0.9433,                 1.0559,                0.54791,                0.45238,                0.46517,                0.26577,                 1.3399,                0.89823,                  1.042,              0.0016355,              0.0016355,              0.0016355
                     84,                 1.2713,                0.93685,                 1.0543,                0.55105,                0.45255,                0.46593,                0.26485,                 1.3489,                0.89917,                 1.0439,               0.001631,               0.001631,               0.001631
                     85,                 1.2842,                0.94168,                 1.0526,                0.54531,                0.45679,                0.46601,                0.26586,                 1.3423,                0.89707,                 1.0424,              0.0016265,              0.0016265,              0.0016265
                     86,                 1.2719,                0.93749,                 1.0528,                0.55825,                0.45273,                0.46656,                0.26644,                 1.3402,                0.89416,                 1.0417,               0.001622,               0.001622,               0.001622
                     87,                   1.27,                0.92514,                 1.0514,                0.56659,                0.45095,                0.46854,                  0.267,                 1.3448,                0.89374,                 1.0426,              0.0016175,              0.0016175,              0.0016175
                     88,                 1.2607,                0.91949,                 1.0507,                 0.5666,                0.45052,                0.46961,                0.26715,                 1.3508,                0.89375,                 1.0437,               0.001613,               0.001613,               0.001613
                     89,                 1.2699,                0.92375,                 1.0485,                0.56698,                0.45238,                0.47122,                0.26883,                 1.3459,                0.89107,                 1.0418,              0.0016085,              0.0016085,              0.0016085
                     90,                 1.2661,                0.92133,                 1.0476,                 0.5622,                 0.4537,                0.47162,                0.26959,                 1.3416,                 0.8899,                 1.0403,               0.001604,               0.001604,               0.001604
                     91,                 1.2663,                0.92393,                  1.048,                0.55455,                 0.4555,                0.47194,                 0.2701,                 1.3406,                0.88947,                 1.0399,              0.0015995,              0.0015995,              0.0015995
                     92,                  1.267,                0.91585,                  1.049,                0.55631,                0.45231,                  0.471,                0.26998,                 1.3395,                0.88897,                 1.0401,               0.001595,               0.001595,               0.001595
                     93,                 1.2678,                0.91567,                 1.0499,                 0.5613,                0.45114,                0.47242,                0.27123,                 1.3363,                0.88803,                 1.0395,              0.0015905,              0.0015905,              0.0015905
                     94,                 1.2615,                0.91177,                 1.0445,                0.56192,                0.45265,                 0.4727,                0.27189,                 1.3355,                0.88691,                 1.0392,               0.001586,               0.001586,               0.001586
                     95,                 1.2571,                0.90991,                 1.0449,                0.56292,                0.45233,                0.47339,                0.27238,                 1.3338,                0.88639,                 1.0382,              0.0015815,              0.0015815,              0.0015815
                     96,                  1.254,                0.90392,                 1.0424,                0.55969,                0.45655,                0.47409,                0.27241,                 1.3354,                0.88702,                 1.0381,               0.001577,               0.001577,               0.001577
                     97,                 1.2525,                0.90408,                 1.0432,                0.55867,                0.45507,                0.47373,                0.27269,                 1.3328,                0.88527,                 1.0376,              0.0015725,              0.0015725,              0.0015725
                     98,                 1.2581,                0.90721,                 1.0462,                0.56271,                0.45619,                0.47545,                0.27382,                 1.3278,                0.88316,                 1.0361,               0.001568,               0.001568,               0.001568
                     99,                  1.252,                0.89718,                 1.0435,                0.56629,                0.45577,                0.47583,                 0.2738,                 1.3275,                0.88168,                 1.0356,              0.0015635,              0.0015635,              0.0015635
                    100,                 1.2493,                0.90407,                 1.0424,                0.56584,                0.45602,                0.47487,                0.27362,                 1.3242,                0.88087,                 1.0346,               0.001559,               0.001559,               0.001559
                    101,                 1.2472,                0.89633,                 1.0422,                0.55847,                0.46099,                0.47533,                0.27423,                 1.3286,                0.88103,                 1.0351,              0.0015545,              0.0015545,              0.0015545
                    102,                 1.2404,                0.89357,                 1.0411,                0.56596,                0.45713,                0.47565,                 0.2748,                 1.3261,                0.88136,                 1.0344,                0.00155,                0.00155,                0.00155
                    103,                 1.2434,                0.88858,                 1.0387,                0.56813,                0.45652,                0.47612,                0.27547,                 1.3257,                0.88051,                 1.0338,              0.0015455,              0.0015455,              0.0015455
                    104,                 1.2533,                0.89278,                 1.0428,                0.56117,                0.46217,                0.47663,                0.27557,                 1.3221,                0.87853,                 1.0328,               0.001541,               0.001541,               0.001541
                    105,                 1.2402,                0.88669,                 1.0395,                0.56073,                0.46195,                0.47805,                0.27717,                 1.3137,                0.87499,                  1.031,              0.0015365,              0.0015365,              0.0015365
                    106,                 1.2373,                 0.8808,                 1.0384,                0.56277,                0.46247,                0.47935,                0.27859,                 1.3069,                0.87319,                 1.0294,               0.001532,               0.001532,               0.001532
                    107,                 1.2377,                0.87832,                 1.0353,                0.56482,                0.46224,                0.47994,                0.27868,                 1.3073,                0.87248,                 1.0295,              0.0015275,              0.0015275,              0.0015275
                    108,                 1.2397,                  0.885,                 1.0361,                0.56282,                0.46246,                0.48089,                0.27959,                 1.2996,                0.87103,                 1.0282,               0.001523,               0.001523,               0.001523
                    109,                 1.2323,                0.88277,                 1.0348,                0.56287,                0.46082,                 0.4812,                   0.28,                 1.2937,                0.86862,                 1.0264,              0.0015185,              0.0015185,              0.0015185
                    110,                 1.2377,                0.88139,                 1.0353,                0.55722,                0.46636,                 0.4819,                 0.2818,                 1.2803,                0.86577,                 1.0232,               0.001514,               0.001514,               0.001514
                    111,                 1.2235,                0.87062,                   1.03,                0.55349,                0.46821,                0.48291,                0.28389,                 1.2643,                0.86232,                 1.0195,              0.0015095,              0.0015095,              0.0015095
                    112,                 1.2302,                0.87411,                 1.0319,                0.55809,                0.46551,                0.48295,                 0.2845,                 1.2504,                 0.8595,                 1.0161,               0.001505,               0.001505,               0.001505
                    113,                 1.2232,                 0.8737,                  1.032,                0.56794,                0.46012,                0.48339,                 0.2856,                 1.2386,                0.85758,                 1.0134,              0.0015005,              0.0015005,              0.0015005
                    114,                 1.2296,                0.87168,                 1.0333,                0.56626,                0.46288,                0.48455,                0.28647,                 1.2322,                0.85594,                 1.0117,               0.001496,               0.001496,               0.001496
                    115,                 1.2172,                0.86601,                 1.0305,                 0.5674,                0.46405,                0.48512,                0.28756,                 1.2266,                0.85538,                 1.0104,              0.0014915,              0.0014915,              0.0014915
                    116,                   1.21,                0.85779,                 1.0245,                0.57453,                0.46058,                0.48572,                0.28833,                 1.2205,                 0.8536,                 1.0087,               0.001487,               0.001487,               0.001487
                    117,                 1.2076,                0.85246,                 1.0306,                0.57271,                0.46237,                0.48584,                 0.2888,                 1.2172,                0.85234,                 1.0074,              0.0014825,              0.0014825,              0.0014825
                    118,                 1.2058,                0.85616,                 1.0273,                0.57218,                0.46389,                0.48622,                0.28918,                 1.2137,                0.85099,                 1.0065,               0.001478,               0.001478,               0.001478
                    119,                 1.2098,                0.85278,                 1.0264,                 0.5718,                0.46391,                0.48635,                0.28944,                 1.2118,                0.85047,                 1.0058,              0.0014735,              0.0014735,              0.0014735
                    120,                  1.204,                0.85715,                 1.0257,                0.57372,                0.46261,                0.48667,                 0.2901,                 1.2096,                0.84987,                  1.005,               0.001469,               0.001469,               0.001469
                    121,                 1.2015,                0.85283,                 1.0269,                 0.5716,                0.46513,                0.48712,                0.29094,                 1.2054,                0.84864,                 1.0037,              0.0014645,              0.0014645,              0.0014645
                    122,                 1.2069,                0.85032,                 1.0258,                0.57382,                0.46598,                0.48729,                0.29111,                 1.2027,                 0.8473,                 1.0028,                0.00146,                0.00146,                0.00146
                    123,                 1.2017,                0.85395,                  1.026,                 0.5747,                0.46512,                 0.4868,                0.29144,                 1.1998,                0.84693,                 1.0021,              0.0014555,              0.0014555,              0.0014555
                    124,                  1.199,                0.84766,                  1.023,                0.57845,                0.46384,                0.48765,                0.29239,                 1.1959,                 0.8455,                 1.0013,               0.001451,               0.001451,               0.001451
                    125,                 1.2026,                0.84599,                 1.0216,                0.57669,                0.46481,                 0.4884,                0.29297,                 1.1924,                0.84447,                 1.0002,              0.0014465,              0.0014465,              0.0014465
                    126,                 1.2022,                0.84857,                 1.0248,                0.57838,                0.46362,                0.48846,                0.29338,                 1.1898,                0.84358,                0.99944,               0.001442,               0.001442,               0.001442
                    127,                 1.1986,                0.84703,                 1.0237,                0.57714,                0.46542,                0.48895,                0.29396,                 1.1865,                0.84293,                0.99861,              0.0014375,              0.0014375,              0.0014375
                    128,                  1.201,                0.84546,                 1.0212,                0.57533,                0.46691,                0.48927,                0.29429,                 1.1845,                0.84225,                0.99811,               0.001433,               0.001433,               0.001433
                    129,                 1.1864,                0.83674,                 1.0203,                 0.5772,                0.46714,                0.48918,                0.29483,                 1.1828,                0.84156,                0.99763,              0.0014285,              0.0014285,              0.0014285
                    130,                 1.1937,                 0.8374,                 1.0197,                0.57866,                0.46599,                0.48958,                0.29521,                 1.1813,                0.84143,                0.99728,               0.001424,               0.001424,               0.001424
                    131,                 1.1847,                0.83135,                 1.0167,                0.58087,                0.46717,                0.49023,                0.29561,                 1.1796,                0.84053,                0.99675,              0.0014195,              0.0014195,              0.0014195
                    132,                 1.1777,                0.82872,                 1.0169,                0.58132,                0.46801,                 0.4908,                0.29629,                 1.1786,                0.84013,                0.99633,               0.001415,               0.001415,               0.001415
                    133,                 1.1804,                0.82483,                  1.017,                0.58006,                0.46734,                0.49086,                0.29655,                 1.1773,                0.83975,                0.99584,              0.0014105,              0.0014105,              0.0014105
                    134,                 1.1886,                0.82851,                 1.0198,                0.57983,                  0.468,                0.49094,                0.29672,                 1.1759,                0.83939,                0.99551,               0.001406,               0.001406,               0.001406
                    135,                 1.1827,                0.82501,                 1.0204,                0.57989,                  0.469,                0.49161,                0.29709,                 1.1749,                  0.839,                0.99515,              0.0014015,              0.0014015,              0.0014015
                    136,                 1.1812,                0.82526,                 1.0145,                0.57992,                0.46966,                0.49178,                 0.2971,                  1.174,                 0.8387,                0.99489,               0.001397,               0.001397,               0.001397
                    137,                 1.1786,                0.82511,                 1.0178,                0.57732,                0.46979,                0.49162,                0.29702,                 1.1734,                0.83842,                0.99469,              0.0013925,              0.0013925,              0.0013925
                    138,                 1.1794,                0.82224,                 1.0145,                0.57737,                0.46918,                0.49184,                0.29721,                 1.1729,                0.83809,                0.99448,               0.001388,               0.001388,               0.001388
                    139,                 1.1759,                 0.8179,                 1.0121,                0.57927,                0.46732,                0.49192,                0.29736,                 1.1732,                0.83786,                0.99432,              0.0013835,              0.0013835,              0.0013835
                    140,                 1.1794,                0.81777,                 1.0186,                0.58024,                0.46719,                0.49218,                0.29751,                 1.1735,                0.83741,                0.99421,               0.001379,               0.001379,               0.001379
                    141,                 1.1725,                0.81844,                 1.0126,                0.58212,                 0.4666,                0.49274,                0.29784,                 1.1738,                0.83709,                0.99404,              0.0013745,              0.0013745,              0.0013745
                    142,                 1.1743,                0.81334,                 1.0137,                0.57945,                0.46678,                 0.4928,                0.29797,                 1.1728,                0.83673,                0.99376,                0.00137,                0.00137,                0.00137
                    143,                 1.1709,                0.81321,                 1.0113,                0.57672,                0.46795,                0.49318,                0.29854,                 1.1723,                0.83605,                0.99346,              0.0013655,              0.0013655,              0.0013655
                    144,                 1.1599,                0.80602,                 1.0087,                0.57399,                0.46953,                0.49328,                0.29874,                  1.173,                0.83605,                 0.9933,               0.001361,               0.001361,               0.001361
                    145,                 1.1743,                0.81261,                 1.0112,                 0.5706,                0.47304,                0.49355,                0.29904,                 1.1723,                0.83551,                 0.9931,              0.0013565,              0.0013565,              0.0013565
                    146,                 1.1729,                0.81028,                 1.0115,                0.57107,                0.47211,                0.49394,                0.29923,                 1.1725,                0.83535,                0.99312,               0.001352,               0.001352,               0.001352
                    147,                 1.1712,                0.81024,                  1.013,                0.57603,                0.46797,                0.49406,                0.29942,                 1.1727,                0.83532,                0.99309,              0.0013475,              0.0013475,              0.0013475
                    148,                 1.1614,                0.80317,                 1.0075,                0.57491,                0.46964,                0.49459,                 0.2997,                 1.1728,                0.83501,                0.99302,               0.001343,               0.001343,               0.001343
                    149,                 1.1658,                0.80338,                 1.0104,                0.57657,                0.46868,                0.49476,                0.29984,                 1.1728,                0.83506,                0.99291,              0.0013385,              0.0013385,              0.0013385
                    150,                 1.1718,                0.80433,                  1.009,                0.57952,                0.46691,                 0.4948,                0.30007,                 1.1727,                0.83485,                0.99283,               0.001334,               0.001334,               0.001334
                    151,                 1.1584,                0.79974,                 1.0082,                0.58048,                0.46678,                0.49532,                0.30009,                 1.1731,                0.83447,                0.99284,              0.0013295,              0.0013295,              0.0013295
                    152,                  1.159,                0.80059,                 1.0076,                0.57828,                0.46791,                0.49556,                0.30019,                 1.1735,                0.83397,                0.99281,               0.001325,               0.001325,               0.001325
                    153,                 1.1567,                0.79724,                 1.0055,                0.57404,                0.47117,                0.49533,                0.30039,                 1.1736,                0.83398,                 0.9927,              0.0013205,              0.0013205,              0.0013205
                    154,                 1.1689,                0.80045,                  1.012,                0.57739,                 0.4694,                0.49586,                0.30053,                 1.1732,                0.83372,                0.99251,               0.001316,               0.001316,               0.001316
                    155,                 1.1569,                0.79528,                 1.0087,                0.57743,                0.46946,                0.49578,                0.30086,                 1.1734,                0.83336,                0.99241,              0.0013115,              0.0013115,              0.0013115
                    156,                 1.1655,                 0.7966,                 1.0083,                0.57544,                0.47234,                0.49602,                0.30101,                 1.1732,                0.83334,                0.99235,               0.001307,               0.001307,               0.001307
                    157,                 1.1557,                0.79104,                  1.005,                 0.5775,                0.47103,                0.49634,                0.30109,                 1.1735,                 0.8332,                0.99222,              0.0013025,              0.0013025,              0.0013025
                    158,                 1.1603,                0.79295,                 1.0076,                0.57595,                0.47236,                0.49643,                0.30115,                  1.174,                0.83292,                0.99211,               0.001298,               0.001298,               0.001298
                    159,                   1.16,                0.79094,                 1.0072,                0.57141,                0.47573,                0.49605,                0.30131,                 1.1743,                0.83267,                0.99202,              0.0012935,              0.0012935,              0.0012935
                    160,                 1.1647,                0.79282,                 1.0102,                0.57042,                0.47652,                0.49628,                0.30166,                 1.1747,                0.83244,                0.99193,               0.001289,               0.001289,               0.001289
                    161,                  1.157,                  0.786,                 1.0072,                0.56403,                0.48157,                0.49637,                 0.3015,                 1.1757,                0.83241,                0.99196,              0.0012845,              0.0012845,              0.0012845
                    162,                 1.1566,                0.78484,                 1.0024,                0.56426,                0.48194,                0.49644,                0.30168,                 1.1765,                0.83233,                  0.992,                0.00128,                0.00128,                0.00128
                    163,                 1.1657,                0.79295,                 1.0069,                0.56699,                0.48092,                0.49649,                0.30178,                 1.1768,                0.83215,                0.99194,              0.0012755,              0.0012755,              0.0012755
                    164,                 1.1561,                0.78534,                 1.0021,                0.56732,                0.48079,                0.49637,                0.30169,                 1.1778,                0.83215,                0.99197,               0.001271,               0.001271,               0.001271
                    165,                 1.1668,                0.78943,                 1.0061,                0.56799,                0.48098,                0.49637,                0.30195,                 1.1785,                0.83213,                0.99203,              0.0012665,              0.0012665,              0.0012665
                    166,                 1.1608,                0.78562,                 1.0019,                0.57112,                0.47873,                0.49654,                0.30198,                 1.1797,                0.83189,                0.99192,               0.001262,               0.001262,               0.001262
                    167,                 1.1653,                0.78301,                 1.0036,                0.56532,                0.48359,                0.49675,                0.30219,                 1.1812,                0.83176,                0.99189,              0.0012575,              0.0012575,              0.0012575
                    168,                 1.1668,                0.78441,                 1.0034,                0.56929,                0.48157,                0.49692,                0.30236,                 1.1821,                0.83172,                0.99185,               0.001253,               0.001253,               0.001253
                    169,                 1.1661,                 0.7799,                 1.0011,                0.57084,                0.48011,                0.49716,                0.30261,                 1.1838,                0.83157,                0.99181,              0.0012485,              0.0012485,              0.0012485
                    170,                 1.1732,                0.78303,                 1.0033,                0.57192,                0.47868,                0.49718,                 0.3026,                 1.1858,                0.83155,                0.99183,               0.001244,               0.001244,               0.001244
                    171,                  1.162,                0.77543,                0.99807,                0.57183,                0.47904,                0.49744,                0.30279,                 1.1882,                0.83156,                0.99174,              0.0012395,              0.0012395,              0.0012395
                    172,                 1.1739,                0.78197,                 1.0016,                0.57335,                0.47792,                0.49735,                0.30276,                 1.1901,                0.83138,                0.99177,               0.001235,               0.001235,               0.001235
                    173,                  1.171,                0.78065,                0.99929,                0.57598,                0.47654,                0.49773,                0.30305,                 1.1916,                0.83128,                0.99173,              0.0012305,              0.0012305,              0.0012305
                    174,                 1.1796,                0.78326,                 1.0018,                0.57601,                0.47643,                0.49718,                0.30305,                 1.1934,                0.83112,                0.99174,               0.001226,               0.001226,               0.001226
                    175,                 1.1767,                0.78142,                 1.0004,                0.57248,                0.47992,                0.49703,                0.30286,                 1.1956,                0.83109,                0.99173,              0.0012215,              0.0012215,              0.0012215
                    176,                 1.1833,                0.78106,                0.99916,                0.57294,                0.48026,                0.49719,                 0.3029,                 1.1974,                0.83111,                0.99166,               0.001217,               0.001217,               0.001217
                    177,                  1.188,                0.78067,                0.99901,                0.56999,                0.48189,                0.49738,                0.30301,                 1.1998,                0.83093,                0.99171,              0.0012125,              0.0012125,              0.0012125
                    178,                 1.1809,                0.77974,                0.99783,                0.57014,                0.48225,                0.49744,                0.30306,                 1.2022,                0.83085,                0.99167,               0.001208,               0.001208,               0.001208
                    179,                 1.1914,                0.77848,                0.99835,                0.57135,                0.48192,                0.49749,                0.30314,                 1.2045,                0.83096,                0.99165,              0.0012035,              0.0012035,              0.0012035
                    180,                 1.1816,                0.77446,                0.99433,                0.57322,                0.48126,                0.49765,                0.30336,                 1.2072,                0.83108,                0.99155,               0.001199,               0.001199,               0.001199
                    181,                 1.1852,                0.77221,                0.99797,                0.57515,                0.48058,                0.49734,                0.30324,                 1.2101,                0.83081,                0.99153,              0.0011945,              0.0011945,              0.0011945
                    182,                 1.1918,                0.77288,                0.99588,                0.57473,                0.48072,                0.49741,                0.30323,                 1.2132,                0.83084,                0.99153,                0.00119,                0.00119,                0.00119
                    183,                 1.2047,                0.77784,                0.99674,                0.57604,                0.47974,                0.49744,                 0.3033,                 1.2153,                 0.8309,                0.99156,              0.0011855,              0.0011855,              0.0011855
                    184,                 1.2006,                0.77616,                0.99676,                0.57418,                0.48112,                0.49753,                0.30319,                 1.2179,                  0.831,                0.99153,               0.001181,               0.001181,               0.001181
                    185,                 1.1942,                0.77208,                 0.9942,                0.57671,                0.47977,                0.49755,                0.30317,                 1.2208,                0.83084,                0.99154,              0.0011765,              0.0011765,              0.0011765
                    186,                 1.2065,                0.78079,                0.99542,                0.57711,                0.47941,                0.49787,                0.30327,                 1.2226,                 0.8308,                 0.9915,               0.001172,               0.001172,               0.001172
                    187,                 1.1972,                0.76924,                0.99247,                0.57695,                 0.4795,                0.49779,                0.30339,                 1.2254,                0.83079,                0.99151,              0.0011675,              0.0011675,              0.0011675
                    188,                 1.2065,                0.77675,                0.99277,                0.57712,                0.47951,                0.49786,                0.30366,                 1.2272,                0.83086,                0.99149,               0.001163,               0.001163,               0.001163
                    189,                 1.1953,                0.76547,                0.98966,                0.57789,                 0.4794,                0.49807,                0.30366,                 1.2296,                0.83078,                0.99142,              0.0011585,              0.0011585,              0.0011585
                    190,                  1.202,                0.76931,                0.99052,                0.57849,                   0.48,                0.49814,                0.30378,                 1.2316,                0.83101,                0.99142,               0.001154,               0.001154,               0.001154
                    191,                 1.2022,                0.76898,                0.99252,                0.57922,                0.48093,                0.49847,                0.30375,                 1.2338,                0.83105,                0.99138,              0.0011495,              0.0011495,              0.0011495
                    192,                 1.2049,                0.77014,                0.99061,                0.57814,                0.48071,                0.49787,                0.30368,                 1.2354,                0.83108,                 0.9913,               0.001145,               0.001145,               0.001145
                    193,                 1.2156,                0.77343,                0.99388,                  0.578,                0.48071,                0.49814,                 0.3037,                 1.2366,                0.83125,                0.99131,              0.0011405,              0.0011405,              0.0011405
                    194,                 1.1998,                 0.7629,                0.98795,                0.57925,                0.47952,                0.49831,                0.30389,                 1.2384,                0.83116,                0.99131,               0.001136,               0.001136,               0.001136
                    195,                 1.2107,                0.76551,                0.99146,                0.57867,                0.48146,                0.49857,                0.30367,                 1.2398,                0.83148,                0.99127,              0.0011315,              0.0011315,              0.0011315
                    196,                 1.2149,                0.76669,                0.99089,                0.57871,                0.48238,                0.49859,                0.30371,                 1.2407,                0.83148,                0.99122,               0.001127,               0.001127,               0.001127
                    197,                 1.2119,                0.76511,                0.98827,                0.57828,                0.48204,                0.49843,                0.30376,                 1.2419,                0.83143,                0.99124,              0.0011225,              0.0011225,              0.0011225
                    198,                 1.2113,                 0.7616,                0.98801,                 0.5762,                0.48413,                 0.4983,                 0.3037,                 1.2429,                0.83152,                0.99121,               0.001118,               0.001118,               0.001118
                    199,                 1.2042,                0.75716,                0.98601,                0.57931,                0.48256,                0.49885,                0.30387,                 1.2439,                0.83163,                0.99114,              0.0011135,              0.0011135,              0.0011135
                    200,                  1.214,                0.76444,                0.98885,                0.57979,                0.48283,                0.49905,                 0.3039,                 1.2448,                0.83187,                0.99111,               0.001109,               0.001109,               0.001109
                    201,                 1.2056,                0.76249,                0.98502,                0.57951,                0.48287,                0.49891,                0.30412,                  1.246,                0.83219,                0.99112,              0.0011045,              0.0011045,              0.0011045
                    202,                 1.2115,                0.76627,                0.98773,                0.57995,                0.48205,                0.49894,                0.30406,                 1.2472,                0.83227,                 0.9912,                 0.0011,                 0.0011,                 0.0011
                    203,                 1.2037,                0.75647,                 0.9858,                0.58058,                0.48188,                0.49902,                0.30408,                 1.2484,                0.83228,                0.99113,              0.0010955,              0.0010955,              0.0010955
                    204,                 1.2008,                0.75501,                0.98473,                0.58065,                0.48097,                  0.499,                0.30386,                 1.2496,                0.83254,                0.99113,               0.001091,               0.001091,               0.001091
                    205,                 1.2036,                 0.7566,                0.98249,                0.58199,                0.48003,                0.49902,                 0.3038,                 1.2507,                0.83266,                0.99115,              0.0010865,              0.0010865,              0.0010865
                    206,                 1.2129,                0.75866,                0.98518,                 0.5823,                0.48013,                0.49911,                 0.3041,                  1.251,                0.83271,                0.99113,               0.001082,               0.001082,               0.001082
                    207,                 1.2098,                0.75441,                0.98435,                0.58319,                0.47988,                 0.4994,                0.30422,                 1.2519,                0.83296,                 0.9911,              0.0010775,              0.0010775,              0.0010775
                    208,                 1.2031,                0.75414,                0.98236,                0.58203,                0.48084,                0.49968,                0.30436,                 1.2528,                0.83325,                0.99108,               0.001073,               0.001073,               0.001073
                    209,                  1.205,                0.75456,                0.98314,                0.58422,                0.48008,                0.49977,                0.30433,                 1.2532,                 0.8331,                0.99098,              0.0010685,              0.0010685,              0.0010685
                    210,                 1.2038,                0.75309,                0.98136,                0.58522,                0.47949,                0.49975,                0.30435,                 1.2544,                0.83321,                0.99102,               0.001064,               0.001064,               0.001064
                    211,                 1.2019,                0.74758,                0.98027,                0.58595,                0.47872,                0.49973,                0.30452,                 1.2549,                0.83358,                0.99098,              0.0010595,              0.0010595,              0.0010595
                    212,                  1.213,                0.75533,                0.98267,                0.58649,                0.47866,                0.49965,                0.30452,                 1.2552,                0.83359,                0.99093,               0.001055,               0.001055,               0.001055
                    213,                 1.2022,                0.74481,                0.97756,                0.58689,                0.47879,                0.49955,                0.30471,                 1.2562,                0.83387,                0.99095,              0.0010505,              0.0010505,              0.0010505
                    214,                 1.1929,                0.74273,                0.98122,                0.58873,                0.47833,                0.49991,                0.30459,                 1.2572,                0.83389,                0.99097,               0.001046,               0.001046,               0.001046
                    215,                 1.2075,                0.74915,                0.98077,                0.58907,                 0.4781,                0.49986,                0.30456,                 1.2577,                0.83433,                0.99097,              0.0010415,              0.0010415,              0.0010415
                    216,                 1.1949,                 0.7405,                0.97744,                0.58839,                0.47759,                0.49984,                0.30476,                 1.2583,                0.83445,                 0.9909,               0.001037,               0.001037,               0.001037
                    217,                 1.2004,                0.74538,                0.98124,                0.58711,                0.47848,                0.50003,                0.30467,                  1.259,                0.83463,                0.99086,              0.0010325,              0.0010325,              0.0010325
                    218,                 1.1932,                0.73852,                0.97693,                0.58703,                0.47828,                0.50034,                 0.3048,                 1.2597,                0.83477,                0.99082,               0.001028,               0.001028,               0.001028
                    219,                 1.1951,                0.74122,                 0.9776,                0.58663,                0.47847,                0.49996,                0.30475,                 1.2603,                0.83504,                0.99079,              0.0010235,              0.0010235,              0.0010235
                    220,                 1.2011,                 0.7428,                 0.9799,                0.58549,                0.47945,                0.50007,                0.30478,                 1.2607,                0.83516,                0.99079,               0.001019,               0.001019,               0.001019
                    221,                 1.1953,                0.73796,                0.97979,                0.58237,                0.48108,                0.49968,                0.30494,                 1.2614,                0.83521,                0.99074,              0.0010145,              0.0010145,              0.0010145
                    222,                 1.1978,                0.73719,                0.97768,                0.58269,                0.48175,                0.50007,                0.30487,                 1.2619,                 0.8353,                0.99069,                0.00101,                0.00101,                0.00101
                    223,                 1.1903,                0.73362,                0.97569,                0.58253,                0.48152,                0.49972,                0.30494,                 1.2627,                0.83539,                0.99071,              0.0010055,              0.0010055,              0.0010055
                    224,                 1.2015,                 0.7408,                0.97792,                0.58293,                0.48132,                0.49982,                0.30472,                 1.2631,                0.83539,                0.99071,               0.001001,               0.001001,               0.001001
                    225,                 1.1962,                0.73938,                0.97791,                0.58315,                0.48137,                0.49947,                0.30468,                 1.2636,                0.83539,                0.99077,              0.0009965,              0.0009965,              0.0009965
                    226,                  1.194,                0.73364,                0.97697,                0.58412,                 0.4805,                0.49968,                0.30465,                 1.2645,                0.83565,                0.99079,               0.000992,               0.000992,               0.000992
                    227,                  1.201,                0.73932,                0.97782,                0.58331,                0.48111,                0.49955,                0.30472,                 1.2645,                0.83579,                0.99064,              0.0009875,              0.0009875,              0.0009875
                    228,                 1.1925,                0.73486,                0.97475,                 0.5838,                0.48112,                0.49975,                0.30471,                 1.2652,                0.83581,                0.99077,               0.000983,               0.000983,               0.000983
                    229,                 1.1879,                0.73048,                0.97214,                0.58408,                0.48105,                0.49982,                0.30448,                 1.2659,                0.83596,                0.99081,              0.0009785,              0.0009785,              0.0009785
                    230,                 1.1932,                 0.7317,                0.97581,                0.58338,                0.48044,                0.49967,                0.30474,                 1.2665,                 0.8362,                 0.9907,               0.000974,               0.000974,               0.000974
                    231,                 1.1941,                 0.7356,                0.97394,                0.58385,                0.48107,                0.49985,                0.30481,                 1.2668,                0.83617,                0.99067,              0.0009695,              0.0009695,              0.0009695
                    232,                 1.1914,                0.72743,                0.97531,                0.58563,                0.47888,                0.49971,                0.30468,                 1.2676,                0.83633,                0.99065,               0.000965,               0.000965,               0.000965
                    233,                 1.1882,                0.73206,                0.97493,                0.58687,                0.47944,                0.49998,                0.30471,                 1.2681,                0.83658,                0.99066,              0.0009605,              0.0009605,              0.0009605
                    234,                 1.1797,                0.72509,                 0.9724,                0.58757,                0.47858,                 0.5001,                0.30477,                 1.2691,                0.83669,                0.99066,               0.000956,               0.000956,               0.000956
                    235,                  1.189,                 0.7293,                0.97463,                0.58866,                0.47754,                 0.4999,                0.30472,                 1.2694,                0.83684,                0.99062,              0.0009515,              0.0009515,              0.0009515
                    236,                 1.1861,                0.72773,                0.97391,                0.58738,                0.47833,                0.49992,                 0.3048,                 1.2699,                0.83695,                0.99066,               0.000947,               0.000947,               0.000947
                    237,                  1.181,                 0.7235,                0.97118,                0.58781,                0.47863,                0.50004,                0.30474,                 1.2708,                 0.8372,                0.99068,              0.0009425,              0.0009425,              0.0009425
                    238,                 1.1906,                0.72928,                0.97363,                0.58809,                0.47745,                0.50002,                 0.3048,                  1.271,                0.83729,                0.99068,               0.000938,               0.000938,               0.000938
                    239,                  1.189,                0.72728,                0.97198,                0.58795,                0.47855,                0.50009,                 0.3048,                 1.2716,                0.83751,                0.99073,              0.0009335,              0.0009335,              0.0009335
                    240,                  1.179,                0.72014,                0.97137,                0.58916,                0.47757,                 0.5001,                0.30467,                 1.2723,                0.83766,                0.99068,               0.000929,               0.000929,               0.000929
                    241,                 1.1791,                0.72162,                0.97033,                0.59135,                0.47718,                0.50004,                0.30473,                 1.2729,                0.83774,                0.99067,              0.0009245,              0.0009245,              0.0009245
                    242,                 1.1771,                0.71748,                0.97167,                0.59241,                0.47741,                0.50016,                0.30473,                 1.2737,                0.83776,                0.99067,                0.00092,                0.00092,                0.00092
                    243,                 1.1808,                0.72169,                0.97064,                0.59226,                0.47686,                0.49995,                0.30472,                 1.2745,                0.83788,                0.99075,              0.0009155,              0.0009155,              0.0009155
                    244,                 1.1811,                0.71806,                0.96824,                0.59265,                0.47669,                    0.5,                0.30477,                  1.275,                0.83818,                 0.9908,               0.000911,               0.000911,               0.000911
                    245,                 1.1795,                0.71654,                0.97009,                0.59279,                 0.4762,                0.49991,                0.30475,                 1.2755,                0.83842,                0.99074,              0.0009065,              0.0009065,              0.0009065
                    246,                 1.1889,                0.72404,                0.97217,                0.59273,                0.47608,                0.49995,                0.30468,                  1.276,                0.83871,                0.99083,               0.000902,               0.000902,               0.000902
                    247,                 1.1829,                0.72046,                0.96971,                 0.5917,                0.47705,                0.49995,                0.30475,                 1.2763,                 0.8388,                0.99078,              0.0008975,              0.0008975,              0.0008975
                    248,                 1.1744,                0.71257,                0.96951,                 0.5925,                0.47705,                0.50036,                0.30488,                 1.2772,                0.83872,                0.99081,               0.000893,               0.000893,               0.000893
                    249,                  1.169,                0.71474,                0.96835,                  0.594,                0.47643,                 0.5001,                 0.3048,                 1.2777,                0.83907,                0.99079,              0.0008885,              0.0008885,              0.0008885
                    250,                  1.177,                 0.7162,                0.96991,                0.59321,                0.47553,                0.50023,                0.30489,                 1.2782,                0.83905,                0.99082,               0.000884,               0.000884,               0.000884
                    251,                 1.1731,                 0.7121,                0.96805,                0.59381,                0.47638,                0.50045,                0.30489,                 1.2788,                0.83936,                0.99072,              0.0008795,              0.0008795,              0.0008795
                    252,                 1.1658,                0.70963,                0.96831,                0.59421,                0.47597,                0.50053,                0.30504,                 1.2797,                0.83954,                0.99074,               0.000875,               0.000875,               0.000875
                    253,                 1.1685,                0.70631,                 0.9654,                 0.5937,                0.47584,                0.50019,                 0.3049,                 1.2802,                0.83976,                0.99068,              0.0008705,              0.0008705,              0.0008705
                    254,                 1.1691,                0.70997,                0.96464,                0.59384,                0.47582,                0.50011,                0.30484,                 1.2809,                0.83987,                 0.9907,               0.000866,               0.000866,               0.000866
                    255,                 1.1802,                0.71451,                0.96611,                0.59357,                0.47605,                0.50021,                0.30477,                  1.281,                0.84014,                 0.9907,              0.0008615,              0.0008615,              0.0008615
                    256,                 1.1699,                 0.7056,                 0.9634,                 0.5954,                 0.4754,                0.50038,                0.30498,                 1.2816,                0.84046,                0.99068,               0.000857,               0.000857,               0.000857
                    257,                  1.167,                0.70671,                0.96559,                0.59453,                0.47622,                0.50044,                0.30488,                 1.2822,                0.84067,                 0.9907,              0.0008525,              0.0008525,              0.0008525
                    258,                 1.1624,                0.70187,                0.96438,                0.59523,                0.47493,                0.50042,                0.30482,                 1.2831,                0.84095,                 0.9907,               0.000848,               0.000848,               0.000848
                    259,                 1.1727,                0.70901,                0.96711,                0.59396,                0.47607,                0.50072,                0.30491,                 1.2836,                0.84112,                0.99078,              0.0008435,              0.0008435,              0.0008435
                    260,                 1.1617,                0.70343,                0.96553,                0.59414,                0.47593,                0.50065,                0.30496,                 1.2842,                0.84125,                0.99073,               0.000839,               0.000839,               0.000839
                    261,                 1.1658,                  0.706,                0.96451,                0.59495,                0.47446,                0.50056,                0.30495,                 1.2846,                0.84164,                0.99077,              0.0008345,              0.0008345,              0.0008345
                    262,                 1.1644,                 0.7015,                0.96434,                0.59512,                0.47464,                0.50079,                0.30516,                 1.2854,                0.84181,                0.99084,                0.00083,                0.00083,                0.00083
                    263,                 1.1681,                0.70275,                0.96311,                0.59457,                 0.4759,                0.50071,                0.30517,                 1.2859,                0.84207,                0.99088,              0.0008255,              0.0008255,              0.0008255
                    264,                 1.1688,                0.70393,                0.96744,                0.59496,                0.47619,                 0.5008,                0.30513,                 1.2863,                0.84229,                0.99087,               0.000821,               0.000821,               0.000821
                    265,                 1.1649,                0.70098,                0.96189,                0.59371,                0.47691,                 0.5008,                0.30509,                 1.2871,                 0.8426,                0.99092,              0.0008165,              0.0008165,              0.0008165
                    266,                 1.1605,                0.69706,                0.96256,                0.59356,                0.47677,                0.50062,                0.30521,                 1.2881,                 0.8426,                0.99092,               0.000812,               0.000812,               0.000812
                    267,                 1.1658,                0.69944,                0.96397,                0.59327,                0.47792,                0.50058,                0.30514,                 1.2885,                0.84289,                0.99093,              0.0008075,              0.0008075,              0.0008075
                    268,                 1.1611,                0.69847,                 0.9611,                0.59281,                 0.4778,                0.50064,                0.30533,                 1.2891,                0.84295,                0.99099,               0.000803,               0.000803,               0.000803
                    269,                 1.1521,                0.69294,                0.96019,                0.59406,                0.47719,                0.50065,                0.30518,                   1.29,                0.84319,                0.99105,              0.0007985,              0.0007985,              0.0007985
                    270,                 1.1542,                0.69352,                0.96116,                0.59529,                0.47638,                0.50059,                0.30518,                 1.2905,                 0.8436,                0.99101,               0.000794,               0.000794,               0.000794
                    271,                 1.1595,                0.69625,                0.96241,                0.59502,                 0.4766,                0.50056,                0.30519,                 1.2911,                0.84392,                0.99109,              0.0007895,              0.0007895,              0.0007895
                    272,                 1.1554,                0.69453,                0.96218,                0.59519,                0.47662,                0.50041,                0.30514,                 1.2917,                 0.8443,                0.99113,               0.000785,               0.000785,               0.000785
                    273,                 1.1582,                0.69248,                 0.9622,                0.59483,                0.47632,                0.50052,                0.30532,                 1.2922,                 0.8446,                0.99118,              0.0007805,              0.0007805,              0.0007805
                    274,                  1.153,                0.69227,                0.96101,                0.59445,                0.47601,                0.50057,                0.30523,                 1.2928,                0.84508,                 0.9912,               0.000776,               0.000776,               0.000776
                    275,                 1.1565,                0.69594,                0.96201,                0.59787,                0.47387,                 0.5005,                0.30525,                  1.293,                0.84492,                0.99122,              0.0007715,              0.0007715,              0.0007715
                    276,                 1.1539,                0.69025,                0.96067,                 0.5955,                0.47501,                 0.5007,                0.30534,                 1.2937,                0.84534,                0.99128,               0.000767,               0.000767,               0.000767
                    277,                  1.149,                0.68963,                0.96062,                0.59543,                0.47514,                0.50071,                0.30533,                 1.2941,                0.84544,                0.99122,              0.0007625,              0.0007625,              0.0007625
                    278,                 1.1614,                0.69628,                  0.963,                0.59605,                0.47518,                0.50075,                0.30536,                 1.2943,                0.84567,                0.99123,               0.000758,               0.000758,               0.000758
                    279,                 1.1476,                0.68869,                0.95941,                0.59699,                0.47425,                0.50073,                0.30539,                 1.2952,                0.84577,                0.99125,              0.0007535,              0.0007535,              0.0007535
                    280,                 1.1508,                0.69067,                0.96094,                0.59652,                0.47434,                0.50077,                0.30541,                 1.2957,                0.84608,                0.99126,               0.000749,               0.000749,               0.000749
                    281,                 1.1474,                0.68507,                0.95786,                0.59547,                0.47441,                0.50045,                0.30541,                 1.2964,                 0.8462,                0.99124,              0.0007445,              0.0007445,              0.0007445
                    282,                 1.1509,                0.68968,                0.95945,                0.59458,                0.47553,                0.50055,                0.30544,                 1.2969,                0.84668,                0.99126,                0.00074,                0.00074,                0.00074
                    283,                 1.1457,                0.68607,                  0.958,                0.59575,                0.47477,                0.50062,                0.30549,                 1.2974,                 0.8468,                0.99123,              0.0007355,              0.0007355,              0.0007355
                    284,                 1.1486,                0.68686,                0.95869,                0.59565,                0.47457,                0.50072,                0.30559,                  1.298,                0.84721,                 0.9913,               0.000731,               0.000731,               0.000731
                    285,                 1.1513,                0.68662,                0.95846,                0.59712,                0.47238,                0.50068,                0.30574,                 1.2984,                0.84749,                0.99136,              0.0007265,              0.0007265,              0.0007265
                    286,                 1.1517,                0.68871,                0.95955,                  0.596,                0.47271,                0.50071,                 0.3059,                 1.2987,                0.84786,                0.99134,               0.000722,               0.000722,               0.000722
                    287,                  1.157,                0.68923,                0.96057,                0.59794,                0.47234,                 0.5008,                0.30575,                 1.2993,                 0.8481,                0.99138,              0.0007175,              0.0007175,              0.0007175
                    288,                 1.1421,                0.67891,                 0.9558,                0.59828,                0.47243,                0.50068,                0.30562,                 1.3002,                0.84844,                0.99129,               0.000713,               0.000713,               0.000713
                    289,                 1.1439,                0.68341,                0.95668,                0.59831,                0.47241,                0.50087,                0.30574,                 1.3008,                0.84883,                0.99134,              0.0007085,              0.0007085,              0.0007085
                    290,                 1.1411,                 0.6797,                0.95637,                0.60043,                0.47092,                0.50072,                0.30577,                 1.3013,                0.84901,                0.99128,               0.000704,               0.000704,               0.000704
                    291,                 1.1468,                0.68213,                0.95815,                0.60062,                0.47087,                0.50075,                 0.3058,                 1.3017,                 0.8492,                0.99129,              0.0006995,              0.0006995,              0.0006995
                    292,                 1.1368,                0.67813,                0.95529,                0.59886,                0.47238,                0.50086,                0.30582,                 1.3023,                0.84929,                0.99121,               0.000695,               0.000695,               0.000695
                    293,                 1.1414,                0.67758,                0.95464,                0.60022,                0.47149,                0.50083,                0.30577,                  1.303,                0.84966,                0.99127,              0.0006905,              0.0006905,              0.0006905
                    294,                 1.1437,                0.68228,                0.95733,                0.59815,                0.47215,                0.50095,                 0.3058,                 1.3034,                0.84988,                0.99128,               0.000686,               0.000686,               0.000686
                    295,                 1.1375,                0.67627,                0.95578,                0.60082,                 0.4709,                0.50067,                 0.3057,                 1.3042,                0.85026,                0.99134,              0.0006815,              0.0006815,              0.0006815
                    296,                 1.1437,                0.67947,                0.95691,                0.60159,                0.47144,                0.50073,                0.30565,                 1.3047,                0.85062,                0.99133,               0.000677,               0.000677,               0.000677
                    297,                 1.1312,                0.67331,                0.95454,                0.60324,                0.47055,                0.50074,                0.30573,                 1.3056,                0.85073,                0.99134,              0.0006725,              0.0006725,              0.0006725
                    298,                 1.1291,                0.67081,                0.95351,                0.60351,                0.47046,                0.50075,                0.30575,                 1.3065,                0.85111,                0.99144,               0.000668,               0.000668,               0.000668
                    299,                 1.1383,                0.67875,                0.95724,                0.60364,                0.47028,                0.50077,                0.30557,                  1.307,                 0.8515,                0.99147,              0.0006635,              0.0006635,              0.0006635
                    300,                 1.1343,                0.67584,                0.95327,                0.60349,                0.47043,                0.50098,                0.30564,                 1.3077,                0.85159,                0.99148,               0.000659,               0.000659,               0.000659
                    301,                  1.141,                0.67588,                0.95539,                0.60466,                0.46959,                0.50096,                 0.3055,                  1.308,                0.85186,                0.99148,              0.0006545,              0.0006545,              0.0006545
                    302,                 1.1395,                  0.676,                0.95525,                0.60438,                0.46943,                0.50108,                0.30554,                 1.3085,                0.85215,                0.99152,                0.00065,                0.00065,                0.00065
                    303,                 1.1295,                0.66979,                0.95249,                0.60425,                 0.4697,                0.50108,                0.30546,                 1.3094,                0.85244,                0.99156,              0.0006455,              0.0006455,              0.0006455
                    304,                 1.1171,                0.66404,                0.95098,                0.60334,                0.47056,                0.50089,                0.30546,                 1.3103,                0.85256,                0.99158,               0.000641,               0.000641,               0.000641
                    305,                 1.1296,                0.66952,                0.95172,                0.60276,                0.47131,                0.50093,                0.30547,                 1.3109,                0.85278,                0.99159,              0.0006365,              0.0006365,              0.0006365
                    306,                 1.1237,                  0.667,                0.95403,                 0.6019,                0.47126,                0.50093,                 0.3056,                 1.3118,                0.85328,                0.99168,               0.000632,               0.000632,               0.000632
                    307,                 1.1314,                0.66886,                0.95243,                 0.6017,                0.47177,                0.50088,                0.30519,                 1.3126,                0.85366,                0.99172,              0.0006275,              0.0006275,              0.0006275
                    308,                 1.1261,                0.66775,                0.95406,                0.60085,                0.47212,                0.50081,                0.30516,                 1.3132,                0.85388,                0.99177,               0.000623,               0.000623,               0.000623
                    309,                 1.1278,                0.66914,                 0.9545,                0.60051,                0.47156,                0.50071,                0.30535,                 1.3135,                 0.8541,                0.99175,              0.0006185,              0.0006185,              0.0006185
                    310,                 1.1214,                0.66632,                 0.9518,                0.60046,                0.47169,                0.50057,                0.30518,                 1.3142,                0.85436,                0.99175,               0.000614,               0.000614,               0.000614
                    311,                 1.1276,                0.66714,                0.95109,                0.60033,                0.47173,                0.50061,                0.30518,                 1.3147,                0.85464,                0.99178,              0.0006095,              0.0006095,              0.0006095
                    312,                 1.1243,                 0.6639,                0.94977,                 0.6014,                0.47087,                0.50051,                0.30524,                 1.3152,                 0.8549,                0.99183,               0.000605,               0.000605,               0.000605
                    313,                 1.1267,                0.66687,                0.95029,                0.60099,                0.47187,                0.50048,                0.30513,                 1.3156,                0.85509,                0.99183,              0.0006005,              0.0006005,              0.0006005
                    314,                 1.1193,                0.66377,                0.95039,                0.60049,                0.47156,                0.50016,                0.30498,                 1.3162,                0.85543,                0.99182,               0.000596,               0.000596,               0.000596
                    315,                 1.1271,                0.66705,                0.95265,                0.60025,                0.47138,                0.50006,                0.30476,                 1.3164,                0.85564,                0.99178,              0.0005915,              0.0005915,              0.0005915
                    316,                  1.124,                0.66351,                0.94794,                0.60063,                0.46981,                0.49986,                0.30464,                 1.3169,                0.85595,                0.99177,               0.000587,               0.000587,               0.000587
                    317,                 1.1216,                0.66125,                0.95113,                0.59916,                0.47001,                0.49985,                0.30464,                 1.3172,                0.85629,                 0.9918,              0.0005825,              0.0005825,              0.0005825
                    318,                 1.1203,                0.66124,                0.94821,                0.60174,                0.46876,                0.49973,                0.30454,                 1.3177,                0.85662,                0.99182,               0.000578,               0.000578,               0.000578
                    319,                 1.1167,                  0.658,                0.95104,                 0.6006,                0.46924,                0.49979,                0.30437,                 1.3187,                0.85678,                0.99189,              0.0005735,              0.0005735,              0.0005735
                    320,                 1.1183,                 0.6596,                0.94697,                0.60059,                0.46913,                0.49967,                0.30441,                 1.3192,                0.85726,                0.99191,               0.000569,               0.000569,               0.000569
                    321,                 1.1229,                0.66039,                0.94812,                0.60179,                0.46812,                0.49955,                0.30444,                 1.3195,                0.85759,                 0.9919,              0.0005645,              0.0005645,              0.0005645
                    322,                 1.1192,                0.66013,                0.95039,                0.60309,                0.46755,                0.49961,                0.30435,                 1.3199,                0.85786,                 0.9919,                0.00056,                0.00056,                0.00056
                    323,                 1.1138,                0.65734,                0.94883,                 0.6032,                0.46782,                0.49944,                0.30439,                 1.3204,                0.85814,                0.99183,              0.0005555,              0.0005555,              0.0005555
                    324,                 1.1252,                0.66728,                0.95068,                0.60065,                0.46948,                0.49967,                0.30443,                 1.3209,                0.85837,                0.99186,               0.000551,               0.000551,               0.000551
                    325,                 1.1166,                0.65843,                0.94781,                 0.6003,                0.46954,                0.49946,                 0.3043,                 1.3212,                0.85877,                0.99182,              0.0005465,              0.0005465,              0.0005465
                    326,                 1.1171,                0.65734,                0.94899,                 0.5986,                0.46991,                0.49954,                0.30421,                 1.3217,                0.85901,                 0.9919,               0.000542,               0.000542,               0.000542
                    327,                 1.1169,                0.65851,                0.94858,                0.59567,                0.47117,                0.49967,                0.30426,                  1.322,                0.85934,                0.99189,              0.0005375,              0.0005375,              0.0005375
                    328,                 1.1098,                0.65694,                0.94807,                0.59576,                0.47108,                0.49945,                0.30402,                 1.3224,                0.85965,                  0.992,               0.000533,               0.000533,               0.000533
                    329,                  1.116,                0.65853,                0.94892,                0.59563,                0.47087,                 0.4994,                0.30396,                 1.3226,                0.85986,                0.99195,              0.0005285,              0.0005285,              0.0005285
                    330,                 1.1205,                 0.6605,                0.94618,                0.59643,                0.47049,                0.49916,                0.30397,                 1.3226,                0.86024,                0.99199,               0.000524,               0.000524,               0.000524
                    331,                 1.1157,                0.65835,                0.94697,                0.59739,                0.46909,                0.49901,                0.30373,                  1.323,                0.86041,                  0.992,              0.0005195,              0.0005195,              0.0005195
                    332,                 1.1028,                0.65142,                0.94545,                0.59725,                0.46891,                0.49922,                0.30397,                 1.3239,                0.86076,                  0.992,               0.000515,               0.000515,               0.000515
                    333,                 1.1129,                0.65326,                0.94839,                0.59677,                0.46871,                0.49923,                0.30413,                 1.3245,                0.86122,                0.99199,              0.0005105,              0.0005105,              0.0005105
                    334,                 1.1043,                0.64964,                0.94676,                0.59651,                0.46856,                0.49914,                0.30408,                 1.3252,                0.86144,                0.99204,               0.000506,               0.000506,               0.000506
                    335,                  1.116,                0.65791,                0.94736,                0.59822,                 0.4679,                0.49902,                0.30401,                 1.3253,                0.86171,                 0.9921,              0.0005015,              0.0005015,              0.0005015
                    336,                 1.1075,                0.65008,                0.94432,                0.59727,                0.46832,                0.49907,                0.30393,                 1.3261,                0.86198,                0.99211,               0.000497,               0.000497,               0.000497
                    337,                 1.1013,                0.64618,                0.94455,                0.59713,                0.46896,                0.49904,                0.30406,                 1.3266,                0.86249,                0.99213,              0.0004925,              0.0004925,              0.0004925
                    338,                  1.096,                0.64457,                0.94418,                 0.5952,                0.46902,                0.49911,                0.30379,                 1.3275,                0.86277,                0.99212,               0.000488,               0.000488,               0.000488
                    339,                 1.1095,                0.65061,                0.94606,                0.59444,                0.46946,                0.49904,                0.30374,                 1.3277,                0.86284,                 0.9921,              0.0004835,              0.0004835,              0.0004835
                    340,                 1.1006,                0.64584,                0.94323,                0.59423,                0.46961,                0.49912,                 0.3036,                 1.3283,                0.86313,                0.99206,               0.000479,               0.000479,               0.000479
                    341,                 1.1047,                0.64782,                0.94484,                0.59277,                0.47111,                0.49914,                0.30359,                 1.3285,                0.86344,                0.99205,              0.0004745,              0.0004745,              0.0004745
                    342,                 1.1046,                0.64985,                0.94348,                0.59427,                0.47028,                0.49888,                0.30341,                  1.329,                0.86384,                 0.9921,                0.00047,                0.00047,                0.00047
                    343,                 1.1083,                  0.649,                0.94438,                0.59308,                0.47063,                0.49902,                0.30355,                 1.3291,                0.86418,                0.99203,              0.0004655,              0.0004655,              0.0004655
                    344,                 1.1049,                0.64744,                0.94448,                0.59204,                 0.4712,                0.49875,                0.30334,                 1.3297,                 0.8644,                0.99211,               0.000461,               0.000461,               0.000461
                    345,                 1.0958,                 0.6428,                0.94171,                0.59103,                0.47084,                0.49856,                0.30324,                 1.3304,                0.86473,                0.99211,              0.0004565,              0.0004565,              0.0004565
                    346,                 1.0993,                0.64458,                0.94456,                 0.5903,                0.47148,                0.49871,                0.30324,                 1.3311,                0.86525,                0.99212,               0.000452,               0.000452,               0.000452
                    347,                  1.097,                0.64334,                0.94292,                0.59345,                0.46976,                0.49843,                0.30316,                 1.3319,                0.86559,                0.99214,              0.0004475,              0.0004475,              0.0004475
                    348,                 1.1077,                 0.6482,                0.94603,                0.59109,                0.47103,                0.49854,                 0.3031,                 1.3322,                0.86574,                0.99217,               0.000443,               0.000443,               0.000443
                    349,                 1.1017,                0.64863,                0.94438,                0.59324,                0.46994,                0.49845,                 0.3031,                 1.3325,                0.86581,                0.99211,              0.0004385,              0.0004385,              0.0004385
                    350,                 1.0968,                 0.6425,                0.94238,                0.59087,                0.47088,                0.49832,                0.30307,                  1.333,                0.86613,                0.99217,               0.000434,               0.000434,               0.000434
                    351,                 1.0986,                0.64382,                0.94362,                0.58806,                 0.4739,                0.49839,                0.30307,                 1.3336,                 0.8664,                0.99225,              0.0004295,              0.0004295,              0.0004295
                    352,                 1.0897,                0.63661,                0.94192,                0.58915,                0.47323,                0.49831,                0.30316,                 1.3341,                0.86645,                0.99226,               0.000425,               0.000425,               0.000425
                    353,                  1.087,                0.63606,                0.94001,                0.59016,                 0.4725,                0.49822,                0.30312,                 1.3351,                0.86682,                0.99232,              0.0004205,              0.0004205,              0.0004205
                    354,                 1.0971,                0.64039,                0.94461,                0.58869,                0.47332,                0.49823,                0.30309,                 1.3351,                0.86701,                0.99226,               0.000416,               0.000416,               0.000416
                    355,                 1.0876,                0.63782,                0.93808,                0.58887,                0.47309,                0.49822,                0.30289,                 1.3359,                0.86716,                0.99232,              0.0004115,              0.0004115,              0.0004115
                    356,                 1.0988,                0.64352,                0.94143,                0.58904,                0.47284,                0.49842,                0.30275,                 1.3363,                0.86744,                0.99236,               0.000407,               0.000407,               0.000407
                    357,                 1.0871,                0.63759,                0.93997,                0.58833,                0.47262,                0.49815,                0.30277,                 1.3367,                0.86755,                0.99236,              0.0004025,              0.0004025,              0.0004025
                    358,                 1.0968,                0.64311,                0.94125,                0.58964,                0.47174,                0.49802,                0.30268,                 1.3369,                0.86791,                0.99241,               0.000398,               0.000398,               0.000398
                    359,                  1.102,                0.64119,                0.94114,                0.59105,                0.47074,                0.49799,                0.30267,                 1.3371,                0.86829,                0.99246,              0.0003935,              0.0003935,              0.0003935
                    360,                 1.0859,                0.63245,                   0.94,                0.58801,                0.47205,                0.49805,                0.30276,                 1.3375,                0.86839,                0.99245,               0.000389,               0.000389,               0.000389
                    361,                 1.0895,                0.63876,                 0.9401,                0.58967,                0.47133,                  0.498,                0.30257,                 1.3378,                0.86862,                0.99247,              0.0003845,              0.0003845,              0.0003845
                    362,                 1.0804,                0.63028,                0.93779,                0.58805,                0.47248,                0.49796,                0.30255,                 1.3384,                  0.869,                 0.9925,                0.00038,                0.00038,                0.00038
                    363,                 1.0857,                0.63731,                0.93869,                  0.589,                0.47135,                0.49792,                0.30253,                 1.3388,                0.86952,                0.99253,              0.0003755,              0.0003755,              0.0003755
                    364,                  1.088,                0.63415,                0.93784,                0.58864,                0.47153,                0.49793,                 0.3025,                 1.3389,                0.86956,                0.99251,               0.000371,               0.000371,               0.000371
                    365,                 1.0926,                0.63901,                0.94124,                 0.5886,                 0.4717,                 0.4978,                0.30234,                  1.339,                0.86971,                0.99253,              0.0003665,              0.0003665,              0.0003665
                    366,                 1.0902,                0.63559,                0.94098,                0.58799,                0.47137,                0.49791,                 0.3024,                 1.3394,                0.87016,                0.99251,               0.000362,               0.000362,               0.000362
                    367,                 1.0839,                0.63344,                 0.9408,                0.58818,                0.47123,                 0.4978,                0.30225,                 1.3397,                0.87022,                0.99251,              0.0003575,              0.0003575,              0.0003575
                    368,                  1.086,                0.63377,                0.93973,                0.58844,                0.47175,                0.49788,                0.30221,                 1.3401,                0.87056,                0.99248,               0.000353,               0.000353,               0.000353
                    369,                 1.0885,                0.63628,                0.94025,                0.58951,                0.47139,                0.49785,                0.30224,                 1.3405,                0.87088,                0.99255,              0.0003485,              0.0003485,              0.0003485
                    370,                 1.0864,                0.63377,                 0.9392,                0.59018,                 0.4703,                 0.4975,                0.30211,                 1.3407,                0.87111,                 0.9926,               0.000344,               0.000344,               0.000344
                    371,                0.96202,                0.52968,                0.90234,                0.58872,                0.47096,                0.49746,                0.30194,                 1.3456,                0.87155,                 0.9926,              0.0003395,              0.0003395,              0.0003395
                    372,                0.95879,                0.52606,                0.89968,                0.58855,                 0.4712,                0.49758,                0.30205,                 1.3497,                0.87189,                 0.9926,               0.000335,               0.000335,               0.000335
                    373,                0.95971,                0.52346,                0.89924,                0.58881,                0.47144,                0.49741,                0.30198,                  1.353,                0.87234,                0.99261,              0.0003305,              0.0003305,              0.0003305
                    374,                0.96258,                0.52482,                0.89915,                0.58746,                0.47197,                 0.4974,                 0.3018,                 1.3556,                0.87245,                 0.9926,               0.000326,               0.000326,               0.000326
                    375,                0.96609,                0.52414,                0.89984,                0.58769,                0.47215,                0.49728,                0.30166,                 1.3579,                0.87274,                0.99271,              0.0003215,              0.0003215,              0.0003215
                    376,                0.96805,                0.52262,                0.89744,                0.58786,                0.47207,                0.49738,                0.30168,                 1.3601,                0.87305,                0.99274,               0.000317,               0.000317,               0.000317
                    377,                0.97099,                0.52418,                0.89883,                0.58635,                0.47285,                0.49708,                0.30146,                 1.3613,                0.87335,                 0.9928,              0.0003125,              0.0003125,              0.0003125
                    378,                0.96781,                0.52123,                0.89762,                0.58682,                0.47332,                0.49753,                0.30154,                 1.3628,                0.87366,                0.99284,               0.000308,               0.000308,               0.000308
                    379,                0.96611,                0.51834,                0.89659,                0.58603,                0.47413,                0.49732,                0.30124,                 1.3641,                0.87406,                0.99285,              0.0003035,              0.0003035,              0.0003035
                    380,                0.96689,                0.51609,                0.89702,                0.58436,                0.47454,                0.49712,                 0.3012,                 1.3649,                0.87442,                0.99288,               0.000299,               0.000299,               0.000299
                    381,                0.96714,                 0.5185,                0.89691,                0.58436,                0.47385,                 0.4968,                0.30111,                 1.3657,                0.87474,                0.99289,              0.0002945,              0.0002945,              0.0002945
                    382,                0.96761,                 0.5165,                0.89644,                 0.5835,                0.47448,                0.49664,                0.30112,                 1.3663,                0.87501,                0.99287,                0.00029,                0.00029,                0.00029
                    383,                0.96669,                0.51615,                0.89574,                0.58428,                 0.4738,                0.49652,                0.30075,                 1.3669,                0.87519,                0.99287,              0.0002855,              0.0002855,              0.0002855
                    384,                0.96893,                0.51743,                0.89691,                0.58429,                 0.4738,                0.49632,                0.30077,                 1.3676,                0.87535,                0.99285,               0.000281,               0.000281,               0.000281
                    385,                0.96545,                0.51421,                0.89637,                0.58495,                0.47445,                0.49626,                0.30085,                 1.3679,                0.87538,                0.99287,              0.0002765,              0.0002765,              0.0002765
                    386,                 0.9713,                0.51839,                 0.8959,                0.58542,                0.47456,                0.49613,                0.30077,                 1.3682,                0.87569,                0.99287,               0.000272,               0.000272,               0.000272
                    387,                0.96461,                 0.5159,                0.89477,                0.58525,                0.47469,                0.49603,                0.30063,                 1.3687,                0.87603,                0.99291,              0.0002675,              0.0002675,              0.0002675
                    388,                0.96258,                0.51199,                0.89452,                0.58542,                0.47474,                0.49585,                0.30032,                 1.3693,                0.87632,                0.99293,               0.000263,               0.000263,               0.000263
                    389,                0.95946,                0.51257,                0.89465,                0.58405,                0.47539,                0.49583,                 0.3003,                 1.3699,                0.87657,                0.99298,              0.0002585,              0.0002585,              0.0002585
                    390,                0.96143,                0.51212,                0.89466,                0.58509,                0.47472,                0.49574,                0.30022,                 1.3701,                0.87708,                0.99293,               0.000254,               0.000254,               0.000254
                    391,                0.96072,                0.51173,                0.89494,                0.58374,                0.47536,                0.49571,                0.30015,                 1.3704,                0.87717,                0.99295,              0.0002495,              0.0002495,              0.0002495
                    392,                0.96022,                0.51093,                0.89309,                0.58334,                0.47501,                0.49563,                0.29993,                 1.3708,                0.87754,                0.99292,               0.000245,               0.000245,               0.000245
                    393,                0.95694,                0.50814,                0.89257,                0.58424,                0.47372,                0.49549,                0.29972,                 1.3715,                0.87793,                0.99304,              0.0002405,              0.0002405,              0.0002405
                    394,                0.95925,                 0.5107,                0.89344,                0.58443,                 0.4741,                 0.4955,                0.29985,                 1.3717,                0.87817,                0.99301,               0.000236,               0.000236,               0.000236
                    395,                0.95822,                 0.5093,                0.89281,                0.58577,                0.47182,                0.49521,                0.29963,                 1.3719,                0.87844,                0.99303,              0.0002315,              0.0002315,              0.0002315
                    396,                0.95491,                0.50804,                0.89311,                0.58617,                 0.4719,                0.49511,                0.29962,                 1.3727,                0.87874,                0.99314,               0.000227,               0.000227,               0.000227
                    397,                0.95979,                0.51113,                0.89363,                 0.5852,                0.47288,                0.49515,                0.29942,                 1.3733,                0.87933,                0.99327,              0.0002225,              0.0002225,              0.0002225
                    398,                0.94988,                0.50492,                0.89289,                0.58403,                0.47253,                0.49484,                0.29933,                 1.3736,                0.87978,                0.99328,               0.000218,               0.000218,               0.000218
                    399,                0.95077,                0.50606,                0.89109,                0.58587,                0.47191,                0.49474,                0.29936,                 1.3741,                0.88012,                0.99338,              0.0002135,              0.0002135,              0.0002135
                    400,                0.94802,                0.50502,                0.88996,                0.58731,                0.47164,                0.49475,                0.29938,                 1.3743,                0.88057,                0.99337,               0.000209,               0.000209,               0.000209
