                  epoch,         train/box_loss,         train/cls_loss,         train/dfl_loss,   metrics/precision(B),      metrics/recall(B),       metrics/mAP50(B),    metrics/mAP50-95(B),           val/box_loss,           val/cls_loss,           val/dfl_loss,                 lr/pg0,                 lr/pg1,                 lr/pg2
                      1,                 3.7513,                 3.1819,                 2.6552,                0.40228,                0.12524,                0.14902,                0.06782,                 1.3445,                 1.6503,                 1.5234,               0.070013,              0.0033319,              0.0033319
                      2,                 1.2723,                 1.5159,                  1.387,                0.25755,                0.34154,                0.27992,                0.14896,                0.87866,                 1.1854,                 1.2253,               0.039991,              0.0066432,              0.0066432
                      3,                 1.0811,                 1.2483,                 1.2517,                 0.3585,                0.36023,                0.33365,                 0.1877,                0.85706,                  1.003,                 1.1662,              0.0099473,              0.0099325,              0.0099325
                      4,                 1.0287,                 1.1096,                 1.1867,                0.42409,                0.42684,                0.40131,                0.23186,                 0.8492,                0.89137,                  1.131,               0.009901,               0.009901,               0.009901
                      5,                 1.0343,                 1.0363,                  1.156,                0.44647,                0.49543,                0.45896,                0.26739,                0.87599,                0.84592,                 1.1115,               0.009901,               0.009901,               0.009901
                      6,                 1.0447,                0.97641,                  1.132,                0.50286,                0.51031,                0.49487,                0.29866,                0.92003,                 0.8066,                 1.1004,               0.009868,               0.009868,               0.009868
                      7,                 1.0698,                0.93544,                 1.1129,                0.55557,                0.51739,                0.52366,                0.32551,                0.93178,                0.77396,                 1.0786,               0.009835,               0.009835,               0.009835
                      8,                 1.1035,                0.91395,                 1.1035,                0.53287,                0.54041,                0.53216,                0.33345,                0.97868,                0.75956,                 1.0745,               0.009802,               0.009802,               0.009802
                      9,                 1.1343,                0.89317,                 1.0921,                0.58025,                0.56472,                0.56969,                0.35958,                 1.0121,                0.74617,                 1.0624,               0.009769,               0.009769,               0.009769
                     10,                 1.1719,                0.88053,                 1.0821,                0.59519,                0.55896,                0.57883,                0.36904,                 1.0369,                0.72956,                 1.0513,               0.009736,               0.009736,               0.009736
                     11,                 1.2063,                0.86749,                 1.0736,                0.61686,                0.59709,                 0.6038,                0.38639,                 1.0675,                 0.7153,                 1.0475,               0.009703,               0.009703,               0.009703
                     12,                 1.2312,                0.85422,                 1.0652,                0.62178,                0.59959,                 0.6082,                0.39426,                 1.0957,                0.70782,                 1.0432,                0.00967,                0.00967,                0.00967
                     13,                 1.2508,                0.83676,                 1.0601,                0.62682,                0.60823,                0.62009,                0.40264,                 1.1193,                0.69388,                 1.0387,               0.009637,               0.009637,               0.009637
                     14,                 1.2656,                0.83225,                 1.0576,                0.62874,                0.63068,                0.63171,                0.41305,                 1.1351,                0.68607,                 1.0343,               0.009604,               0.009604,               0.009604
                     15,                 1.2823,                0.81923,                 1.0522,                 0.6474,                0.62535,                0.63873,                0.41869,                 1.1494,                0.67968,                 1.0298,               0.009571,               0.009571,               0.009571
                     16,                 1.2925,                0.81479,                 1.0519,                0.65805,                0.63171,                0.65269,                0.42886,                  1.165,                0.66736,                 1.0302,               0.009538,               0.009538,               0.009538
                     17,                 1.2974,                0.79994,                 1.0467,                0.65438,                0.65007,                0.65894,                0.43599,                 1.1687,                0.65865,                 1.0246,               0.009505,               0.009505,               0.009505
                     18,                 1.3081,                0.79609,                 1.0443,                0.68036,                 0.6522,                0.66298,                 0.4383,                 1.1756,                0.64842,                  1.023,               0.009472,               0.009472,               0.009472
                     19,                 1.3093,                0.79151,                 1.0417,                0.69036,                0.65638,                0.67996,                0.45315,                 1.1842,                0.64882,                 1.0196,               0.009439,               0.009439,               0.009439
                     20,                  1.317,                0.78392,                 1.0404,                0.68754,                0.65899,                0.68259,                0.45094,                 1.1871,                0.64025,                 1.0172,               0.009406,               0.009406,               0.009406
                     21,                 1.3173,                0.77769,                 1.0377,                0.68469,                0.66091,                0.69158,                0.46131,                 1.1885,                0.63357,                 1.0161,               0.009373,               0.009373,               0.009373
                     22,                 1.3192,                0.77287,                 1.0384,                0.69019,                0.67385,                0.69028,                0.46329,                 1.1984,                0.63099,                 1.0168,                0.00934,                0.00934,                0.00934
                     23,                  1.316,                0.76644,                 1.0347,                0.68972,                0.67755,                0.69104,                0.46461,                 1.2026,                 0.6263,                 1.0155,               0.009307,               0.009307,               0.009307
                     24,                 1.3113,                0.76144,                 1.0301,                0.70697,                0.67539,                0.70342,                 0.4715,                 1.2051,                0.62279,                 1.0132,               0.009274,               0.009274,               0.009274
                     25,                 1.3147,                0.75558,                 1.0302,                0.70663,                0.67409,                0.70234,                0.47511,                 1.2008,                0.61747,                 1.0123,               0.009241,               0.009241,               0.009241
                     26,                 1.3125,                0.75493,                 1.0297,                0.70426,                0.68689,                0.70869,                0.47599,                 1.2019,                0.61299,                 1.0097,               0.009208,               0.009208,               0.009208
                     27,                 1.3089,                0.74967,                 1.0267,                0.70618,                0.69201,                0.71101,                0.47996,                 1.2007,                  0.611,                 1.0089,               0.009175,               0.009175,               0.009175
                     28,                 1.3035,                0.74086,                 1.0227,                0.72324,                0.67816,                0.71349,                0.48359,                 1.2057,                  0.606,                 1.0085,               0.009142,               0.009142,               0.009142
                     29,                  1.298,                0.73727,                 1.0215,                0.70798,                0.68733,                0.71185,                0.48266,                   1.21,                0.60702,                 1.0086,               0.009109,               0.009109,               0.009109
                     30,                 1.3038,                0.73664,                 1.0232,                0.71002,                0.70094,                0.71487,                0.48613,                 1.2063,                0.59901,                 1.0065,               0.009076,               0.009076,               0.009076
                     31,                 1.2979,                0.73109,                 1.0202,                0.71909,                0.70222,                0.72046,                0.48988,                 1.2054,                0.59752,                 1.0053,               0.009043,               0.009043,               0.009043
                     32,                 1.2994,                0.72767,                   1.02,                0.72585,                 0.6929,                 0.7225,                0.49318,                 1.2073,                0.59597,                 1.0047,                0.00901,                0.00901,                0.00901
                     33,                 1.3015,                0.72887,                 1.0187,                0.71986,                0.70599,                0.72704,                0.49491,                 1.2065,                0.59327,                 1.0038,               0.008977,               0.008977,               0.008977
                     34,                 1.3012,                0.72376,                 1.0196,                0.72256,                0.71131,                0.72862,                0.49815,                 1.2041,                0.58922,                  1.003,               0.008944,               0.008944,               0.008944
                     35,                 1.2985,                0.71884,                 1.0159,                0.72372,                0.71506,                0.73066,                0.50135,                 1.2055,                0.58713,                 1.0024,               0.008911,               0.008911,               0.008911
                     36,                  1.287,                0.71083,                 1.0151,                0.72923,                0.71149,                0.73292,                0.50484,                 1.2038,                0.58584,                 1.0012,               0.008878,               0.008878,               0.008878
                     37,                 1.2918,                 0.7128,                  1.015,                0.71471,                0.72951,                0.73673,                0.50711,                 1.2009,                0.58345,                 1.0003,               0.008845,               0.008845,               0.008845
                     38,                 1.2859,                0.70765,                 1.0135,                0.72673,                0.73027,                0.73996,                0.51085,                 1.2002,                 0.5809,                0.99936,               0.008812,               0.008812,               0.008812
                     39,                 1.2846,                0.70659,                 1.0127,                0.73687,                0.71584,                0.74375,                0.51289,                 1.2011,                0.57915,                0.99915,               0.008779,               0.008779,               0.008779
                     40,                  1.278,                0.70602,                 1.0111,                0.73605,                0.71487,                0.74265,                0.51281,                 1.2016,                0.57769,                0.99862,               0.008746,               0.008746,               0.008746
                     41,                 1.2813,                0.70538,                 1.0127,                0.74058,                0.71325,                 0.7459,                0.51475,                 1.2022,                0.57671,                0.99869,               0.008713,               0.008713,               0.008713
                     42,                 1.2804,                0.69947,                 1.0098,                0.74252,                0.72047,                0.74933,                0.51688,                 1.2021,                0.57437,                0.99857,                0.00868,                0.00868,                0.00868
                     43,                 1.2842,                0.69914,                 1.0093,                0.74912,                0.71063,                0.75061,                0.51731,                 1.2016,                 0.5729,                0.99813,               0.008647,               0.008647,               0.008647
                     44,                 1.2793,                0.69656,                 1.0089,                0.74471,                0.71792,                0.75124,                0.51693,                 1.2003,                0.57178,                0.99764,               0.008614,               0.008614,               0.008614
                     45,                 1.2736,                0.69146,                 1.0075,                0.75113,                0.71902,                0.75114,                0.51727,                 1.2007,                0.57102,                0.99686,               0.008581,               0.008581,               0.008581
                     46,                 1.2793,                0.69332,                 1.0079,                0.74241,                0.72697,                0.75265,                0.51857,                 1.2011,                0.57008,                0.99663,               0.008548,               0.008548,               0.008548
                     47,                 1.2719,                0.69002,                 1.0076,                0.74612,                0.72689,                0.75323,                0.51923,                  1.201,                0.56863,                0.99635,               0.008515,               0.008515,               0.008515
                     48,                 1.2739,                0.68844,                 1.0084,                0.74526,                0.72692,                0.75397,                 0.5202,                 1.2004,                 0.5671,                0.99605,               0.008482,               0.008482,               0.008482
                     49,                 1.2677,                0.68279,                 1.0054,                0.74608,                0.72804,                0.75518,                0.52098,                 1.2004,                0.56626,                0.99556,               0.008449,               0.008449,               0.008449
                     50,                 1.2741,                0.68644,                 1.0072,                0.74638,                 0.7291,                0.75523,                0.52166,                 1.2001,                0.56542,                0.99536,               0.008416,               0.008416,               0.008416
                     51,                 1.2607,                0.68127,                 1.0051,                0.74655,                0.72851,                0.75611,                0.52271,                 1.2015,                0.56419,                0.99518,               0.008383,               0.008383,               0.008383
                     52,                 1.2764,                0.68474,                 1.0074,                0.74741,                0.72871,                0.75654,                0.52369,                 1.2004,                0.56355,                0.99487,                0.00835,                0.00835,                0.00835
                     53,                 1.2732,                0.68287,                 1.0055,                0.74952,                 0.7274,                0.75744,                0.52444,                 1.1994,                0.56262,                0.99459,               0.008317,               0.008317,               0.008317
                     54,                 1.2571,                0.67651,                 1.0037,                 0.7512,                0.72754,                0.75863,                0.52506,                 1.1998,                0.56185,                0.99432,               0.008284,               0.008284,               0.008284
                     55,                   1.26,                0.67622,                 1.0024,                0.75376,                0.72877,                0.75973,                0.52677,                 1.1996,                 0.5608,                0.99393,               0.008251,               0.008251,               0.008251
                     56,                 1.2648,                 0.6737,                 1.0029,                0.75625,                0.72638,                0.76039,                0.52768,                  1.199,                   0.56,                0.99362,               0.008218,               0.008218,               0.008218
                     57,                 1.2632,                0.67449,                 1.0015,                0.75505,                0.72768,                0.76121,                0.52872,                  1.199,                0.55912,                0.99341,               0.008185,               0.008185,               0.008185
                     58,                 1.2641,                0.67324,                 1.0011,                0.75012,                0.73267,                0.76178,                0.52948,                 1.1987,                0.55866,                0.99321,               0.008152,               0.008152,               0.008152
                     59,                 1.2574,                0.66855,                0.99964,                0.75514,                0.72866,                0.76276,                0.53039,                  1.199,                0.55793,                0.99296,               0.008119,               0.008119,               0.008119
                     60,                 1.2578,                0.66773,                0.99871,                0.75325,                0.72947,                0.76308,                0.53051,                 1.1993,                0.55726,                0.99286,               0.008086,               0.008086,               0.008086
                     61,                 1.2507,                0.66667,                0.99857,                0.75223,                 0.7332,                0.76402,                0.53151,                    1.2,                0.55647,                0.99267,               0.008053,               0.008053,               0.008053
                     62,                 1.2593,                0.66606,                0.99979,                 0.7487,                 0.7381,                0.76465,                 0.5319,                    1.2,                0.55593,                0.99248,                0.00802,                0.00802,                0.00802
                     63,                 1.2584,                0.66422,                 1.0002,                0.75186,                0.73522,                0.76505,                0.53253,                 1.2002,                0.55519,                0.99231,               0.007987,               0.007987,               0.007987
                     64,                 1.2543,                0.66563,                0.99817,                0.75186,                 0.7351,                0.76546,                0.53303,                    1.2,                0.55471,                0.99218,               0.007954,               0.007954,               0.007954
                     65,                 1.2517,                0.66222,                 0.9986,                0.75233,                0.73492,                0.76596,                0.53347,                 1.2003,                0.55414,                0.99197,               0.007921,               0.007921,               0.007921
                     66,                 1.2462,                0.65866,                0.99687,                0.75217,                0.73641,                0.76622,                 0.5336,                 1.2008,                0.55347,                0.99181,               0.007888,               0.007888,               0.007888
                     67,                 1.2425,                0.65618,                 0.9955,                0.75449,                0.73504,                0.76679,                0.53409,                 1.2013,                  0.553,                0.99167,               0.007855,               0.007855,               0.007855
                     68,                 1.2456,                0.65759,                0.99502,                0.75513,                0.73605,                0.76747,                0.53489,                 1.2014,                0.55255,                 0.9915,               0.007822,               0.007822,               0.007822
                     69,                 1.2494,                0.65679,                  0.998,                0.75636,                0.73602,                0.76815,                0.53561,                 1.2017,                0.55199,                 0.9914,               0.007789,               0.007789,               0.007789
                     70,                 1.2435,                0.65407,                0.99566,                0.75813,                0.73534,                0.76877,                 0.5361,                 1.2017,                0.55145,                0.99122,               0.007756,               0.007756,               0.007756
                     71,                 1.2446,                0.65033,                0.99537,                0.75892,                0.73682,                0.76923,                0.53669,                 1.2021,                0.55109,                0.99112,               0.007723,               0.007723,               0.007723
                     72,                 1.2515,                0.65576,                 0.9982,                 0.7557,                0.73843,                0.76986,                0.53687,                 1.2015,                0.55045,                0.99099,                0.00769,                0.00769,                0.00769
                     73,                 1.2441,                0.64922,                0.99565,                0.75602,                0.73896,                0.77017,                0.53712,                 1.2016,                0.54991,                0.99076,               0.007657,               0.007657,               0.007657
                     74,                 1.2464,                0.65368,                0.99731,                0.75419,                0.74021,                0.77068,                0.53754,                 1.2013,                0.54959,                0.99065,               0.007624,               0.007624,               0.007624
                     75,                 1.2348,                 0.6469,                0.99149,                0.75494,                 0.7399,                0.77088,                0.53797,                 1.2018,                0.54916,                0.99056,               0.007591,               0.007591,               0.007591
                     76,                 1.2372,                0.64757,                0.99284,                0.75788,                0.73936,                0.77129,                0.53824,                  1.202,                0.54883,                0.99044,               0.007558,               0.007558,               0.007558
                     77,                 1.2331,                0.64136,                0.99159,                0.75846,                0.73824,                 0.7717,                0.53873,                 1.2025,                0.54843,                 0.9903,               0.007525,               0.007525,               0.007525
                     78,                 1.2418,                0.64617,                0.99431,                0.75686,                0.73897,                0.77244,                0.53914,                 1.2021,                0.54802,                0.99012,               0.007492,               0.007492,               0.007492
                     79,                 1.2397,                0.64821,                0.99184,                 0.7569,                0.73955,                  0.773,                0.53941,                 1.2022,                0.54773,                0.99006,               0.007459,               0.007459,               0.007459
                     80,                 1.2322,                0.64111,                  0.992,                0.75473,                0.74211,                0.77371,                0.53984,                 1.2023,                0.54737,                0.98989,               0.007426,               0.007426,               0.007426
                     81,                 1.2317,                0.63934,                0.99009,                0.75998,                0.73701,                0.77414,                 0.5403,                 1.2027,                0.54692,                0.98973,               0.007393,               0.007393,               0.007393
                     82,                 1.2343,                0.64171,                0.99138,                0.76189,                0.73652,                0.77428,                0.54074,                 1.2026,                0.54649,                0.98958,                0.00736,                0.00736,                0.00736
                     83,                 1.2313,                0.63954,                0.99025,                0.76393,                0.73626,                0.77469,                0.54149,                 1.2027,                0.54608,                0.98949,               0.007327,               0.007327,               0.007327
                     84,                  1.229,                0.63742,                0.98876,                0.76551,                0.73703,                0.77558,                0.54174,                 1.2027,                 0.5458,                0.98934,               0.007294,               0.007294,               0.007294
                     85,                 1.2244,                0.63652,                0.98797,                0.76395,                0.73868,                0.77595,                0.54197,                 1.2031,                0.54552,                0.98922,               0.007261,               0.007261,               0.007261
                     86,                 1.2239,                0.63391,                0.98948,                0.76627,                0.73785,                0.77666,                0.54228,                 1.2034,                0.54508,                0.98919,               0.007228,               0.007228,               0.007228
                     87,                 1.2183,                   0.63,                0.98706,                0.76924,                0.73612,                0.77703,                0.54304,                  1.204,                0.54485,                0.98898,               0.007195,               0.007195,               0.007195
                     88,                 1.2259,                 0.6317,                0.98747,                0.76983,                0.73682,                0.77768,                0.54303,                 1.2039,                0.54429,                0.98878,               0.007162,               0.007162,               0.007162
                     89,                 1.2285,                0.63502,                0.98943,                0.76896,                0.73769,                0.77814,                0.54346,                 1.2037,                0.54391,                 0.9886,               0.007129,               0.007129,               0.007129
                     90,                 1.2282,                0.63195,                0.98838,                 0.7683,                0.73843,                0.77865,                  0.544,                 1.2029,                0.54359,                0.98843,               0.007096,               0.007096,               0.007096
                     91,                 1.2178,                0.62989,                0.98777,                0.76632,                0.74067,                0.77908,                0.54444,                 1.2034,                0.54313,                0.98833,               0.007063,               0.007063,               0.007063
                     92,                 1.2187,                0.62769,                0.98507,                0.76642,                0.74032,                 0.7795,                0.54452,                 1.2033,                0.54274,                0.98822,                0.00703,                0.00703,                0.00703
                     93,                 1.2244,                0.62894,                0.98768,                0.76589,                0.74007,                0.78013,                0.54499,                 1.2031,                0.54237,                0.98805,               0.006997,               0.006997,               0.006997
                     94,                 1.2139,                0.62604,                0.98392,                0.76348,                0.74339,                0.78062,                0.54555,                 1.2033,                  0.542,                0.98798,               0.006964,               0.006964,               0.006964
                     95,                 1.2238,                0.62882,                0.98685,                0.76466,                0.74301,                0.78101,                0.54604,                 1.2031,                0.54131,                0.98786,               0.006931,               0.006931,               0.006931
                     96,                 1.2173,                0.62635,                0.98471,                0.76594,                0.74217,                0.78155,                0.54681,                 1.2029,                0.54116,                0.98769,               0.006898,               0.006898,               0.006898
                     97,                 1.2159,                0.62369,                0.98366,                0.76689,                 0.7418,                0.78211,                0.54727,                 1.2034,                0.54091,                 0.9876,               0.006865,               0.006865,               0.006865
                     98,                 1.2176,                0.62189,                0.98308,                 0.7644,                0.74614,                0.78234,                0.54705,                 1.2031,                0.54044,                0.98744,               0.006832,               0.006832,               0.006832
                     99,                 1.2059,                0.62131,                0.98146,                 0.7658,                0.74526,                0.78279,                0.54776,                 1.2035,                0.54017,                 0.9873,               0.006799,               0.006799,               0.006799
                    100,                 1.2153,                0.62166,                0.98578,                0.76501,                0.74707,                0.78312,                0.54851,                 1.2032,                 0.5397,                0.98717,               0.006766,               0.006766,               0.006766
                    101,                 1.2095,                0.61918,                0.98414,                0.76398,                0.74919,                0.78366,                0.54892,                 1.2035,                0.53927,                  0.987,               0.006733,               0.006733,               0.006733
                    102,                  1.211,                0.61792,                0.98414,                0.76397,                0.74965,                0.78429,                0.54921,                 1.2033,                0.53909,                 0.9869,                 0.0067,                 0.0067,                 0.0067
                    103,                 1.2092,                0.61699,                0.98356,                0.76643,                0.74958,                 0.7853,                0.54975,                 1.2036,                0.53881,                0.98675,               0.006667,               0.006667,               0.006667
                    104,                 1.2119,                0.61871,                0.98386,                0.76735,                0.75021,                0.78579,                0.55016,                  1.203,                 0.5385,                0.98657,               0.006634,               0.006634,               0.006634
                    105,                 1.2121,                0.61848,                0.98341,                0.76736,                0.75113,                0.78609,                0.55046,                 1.2028,                0.53801,                0.98643,               0.006601,               0.006601,               0.006601
                    106,                 1.2102,                0.61484,                 0.9819,                0.76773,                0.75005,                0.78658,                0.55093,                 1.2026,                0.53752,                0.98625,               0.006568,               0.006568,               0.006568
                    107,                  1.209,                0.61445,                 0.9828,                0.76762,                0.75125,                0.78721,                0.55134,                 1.2026,                 0.5371,                0.98602,               0.006535,               0.006535,               0.006535
                    108,                 1.2045,                0.61226,                0.97975,                 0.7716,                0.74798,                0.78806,                0.55211,                 1.2024,                0.53634,                0.98584,               0.006502,               0.006502,               0.006502
                    109,                 1.1995,                0.60816,                0.97697,                0.77176,                0.74823,                0.78853,                0.55258,                 1.2028,                 0.5359,                0.98569,               0.006469,               0.006469,               0.006469
                    110,                 1.2098,                0.61273,                0.98139,                0.77051,                0.74846,                0.78876,                0.55287,                 1.2022,                0.53549,                0.98552,               0.006436,               0.006436,               0.006436
                    111,                  1.212,                0.61458,                0.98132,                0.77189,                0.74798,                0.78943,                0.55306,                 1.2016,                0.53511,                0.98535,               0.006403,               0.006403,               0.006403
                    112,                 1.1986,                0.60783,                0.97929,                0.77269,                0.74917,                0.79047,                0.55381,                 1.2017,                 0.5348,                0.98519,                0.00637,                0.00637,                0.00637
                    113,                 1.1998,                0.60765,                 0.9781,                0.77225,                0.75008,                0.79112,                0.55427,                 1.2017,                0.53432,                 0.9851,               0.006337,               0.006337,               0.006337
                    114,                 1.1938,                0.60515,                 0.9786,                 0.7723,                0.75054,                0.79174,                0.55495,                 1.2021,                0.53371,                0.98492,               0.006304,               0.006304,               0.006304
                    115,                  1.195,                0.60431,                0.97674,                0.77135,                0.75143,                0.79224,                0.55529,                 1.2023,                0.53302,                 0.9848,               0.006271,               0.006271,               0.006271
                    116,                 1.1988,                 0.6071,                0.97949,                0.77531,                0.74986,                0.79262,                0.55625,                 1.2019,                0.53263,                0.98464,               0.006238,               0.006238,               0.006238
                    117,                 1.1984,                0.60732,                 0.9783,                0.77835,                0.74886,                0.79348,                0.55664,                 1.2016,                0.53237,                0.98449,               0.006205,               0.006205,               0.006205
                    118,                 1.1955,                0.60668,                0.97834,                0.77595,                0.75133,                0.79367,                0.55718,                 1.2014,                0.53193,                0.98437,               0.006172,               0.006172,               0.006172
                    119,                 1.1882,                0.60087,                0.97714,                0.77871,                0.74928,                0.79403,                0.55745,                 1.2019,                0.53157,                0.98426,               0.006139,               0.006139,               0.006139
                    120,                 1.1957,                0.60088,                0.97527,                0.78242,                0.74682,                0.79437,                0.55817,                 1.2017,                0.53115,                 0.9841,               0.006106,               0.006106,               0.006106
                    121,                 1.1933,                0.59907,                0.97806,                0.78156,                0.74823,                0.79499,                 0.5586,                 1.2019,                0.53066,                0.98396,               0.006073,               0.006073,               0.006073
                    122,                  1.191,                 0.5992,                0.97725,                 0.7795,                0.74974,                0.79531,                0.55908,                  1.202,                0.53019,                0.98378,                0.00604,                0.00604,                0.00604
                    123,                 1.1904,                0.60007,                0.97668,                0.77953,                0.75073,                0.79596,                0.55979,                 1.2018,                 0.5297,                0.98361,               0.006007,               0.006007,               0.006007
                    124,                 1.1934,                0.59764,                0.97806,                0.77961,                0.75149,                0.79643,                0.56017,                 1.2013,                0.52913,                0.98342,               0.005974,               0.005974,               0.005974
                    125,                 1.1902,                 0.5983,                0.97636,                0.77893,                0.75244,                0.79728,                 0.5608,                 1.2012,                0.52862,                0.98332,               0.005941,               0.005941,               0.005941
                    126,                 1.1874,                0.59823,                0.97779,                0.78212,                0.75104,                0.79762,                0.56141,                 1.2008,                0.52834,                 0.9832,               0.005908,               0.005908,               0.005908
                    127,                 1.1909,                0.59771,                0.97613,                0.78186,                 0.7524,                0.79805,                0.56165,                 1.2006,                0.52788,                0.98302,               0.005875,               0.005875,               0.005875
                    128,                 1.1905,                 0.5944,                 0.9768,                0.78404,                0.75151,                0.79833,                0.56206,                 1.2002,                0.52731,                 0.9829,               0.005842,               0.005842,               0.005842
                    129,                 1.1891,                0.59646,                0.97433,                0.78667,                0.75161,                0.79859,                0.56229,                 1.2004,                0.52685,                0.98283,               0.005809,               0.005809,               0.005809
                    130,                 1.1919,                0.59686,                0.97473,                0.78441,                0.75535,                0.79908,                 0.5628,                    1.2,                0.52643,                0.98271,               0.005776,               0.005776,               0.005776
                    131,                 1.1912,                0.59498,                0.97586,                 0.7845,                0.75418,                0.79983,                0.56334,                 1.1995,                0.52582,                0.98258,               0.005743,               0.005743,               0.005743
                    132,                  1.189,                0.59382,                0.97575,                0.78565,                0.75456,                0.79996,                 0.5637,                 1.1992,                0.52526,                0.98242,                0.00571,                0.00571,                0.00571
                    133,                 1.1848,                0.59353,                0.97475,                0.78736,                0.75445,                0.80022,                0.56371,                 1.1992,                 0.5248,                0.98228,               0.005677,               0.005677,               0.005677
                    134,                 1.1789,                0.58828,                0.97226,                 0.7928,                 0.7512,                0.80071,                0.56415,                 1.1995,                0.52451,                0.98216,               0.005644,               0.005644,               0.005644
                    135,                 1.1789,                0.58994,                0.97215,                0.79247,                0.75137,                0.80133,                 0.5645,                 1.1995,                0.52398,                0.98203,               0.005611,               0.005611,               0.005611
                    136,                 1.1763,                0.58819,                0.97136,                  0.797,                0.74949,                0.80149,                0.56475,                 1.1996,                0.52354,                0.98187,               0.005578,               0.005578,               0.005578
                    137,                 1.1785,                0.59027,                0.97508,                0.79746,                0.74914,                0.80226,                0.56542,                 1.1994,                  0.523,                0.98175,               0.005545,               0.005545,               0.005545
                    138,                 1.1758,                0.58623,                0.97202,                0.79846,                0.74858,                0.80261,                0.56563,                 1.1994,                0.52249,                 0.9816,               0.005512,               0.005512,               0.005512
                    139,                 1.1852,                0.59069,                0.97505,                0.79991,                0.74889,                0.80274,                0.56589,                 1.1991,                0.52227,                0.98148,               0.005479,               0.005479,               0.005479
                    140,                 1.1725,                0.58386,                0.97141,                0.79893,                0.74901,                0.80337,                0.56616,                 1.1992,                0.52178,                0.98132,               0.005446,               0.005446,               0.005446
                    141,                 1.1784,                 0.5861,                0.97351,                0.79972,                0.74951,                0.80379,                0.56658,                 1.1994,                0.52143,                0.98121,               0.005413,               0.005413,               0.005413
                    142,                 1.1745,                 0.5845,                0.96999,                0.80099,                0.74884,                0.80427,                0.56705,                 1.1991,                0.52095,                0.98109,                0.00538,                0.00538,                0.00538
                    143,                 1.1779,                0.58356,                0.97216,                0.80207,                0.74922,                0.80466,                0.56744,                 1.1988,                0.52057,                0.98096,               0.005347,               0.005347,               0.005347
                    144,                 1.1737,                0.58132,                0.97092,                0.80351,                0.74925,                 0.8049,                0.56825,                 1.1987,                0.52027,                0.98084,               0.005314,               0.005314,               0.005314
                    145,                 1.1764,                0.58419,                0.97053,                0.80737,                0.74664,                0.80519,                0.56872,                 1.1985,                0.52019,                0.98072,               0.005281,               0.005281,               0.005281
                    146,                 1.1741,                0.58085,                0.97092,                 0.8064,                0.74774,                0.80563,                0.56893,                 1.1985,                 0.5197,                0.98062,               0.005248,               0.005248,               0.005248
                    147,                 1.1754,                0.58222,                0.97049,                 0.8063,                0.74779,                0.80594,                0.56891,                 1.1984,                0.51925,                0.98053,               0.005215,               0.005215,               0.005215
                    148,                 1.1701,                0.57818,                0.97016,                0.80754,                0.74771,                0.80617,                0.56945,                 1.1984,                0.51893,                 0.9804,               0.005182,               0.005182,               0.005182
                    149,                 1.1666,                 0.5785,                0.96922,                0.80911,                0.74723,                0.80665,                0.57019,                 1.1987,                0.51855,                0.98029,               0.005149,               0.005149,               0.005149
                    150,                 1.1638,                0.57602,                0.96769,                0.81153,                0.74645,                  0.807,                0.57038,                  1.199,                0.51828,                0.98019,               0.005116,               0.005116,               0.005116
                    151,                 1.1663,                0.57717,                0.96768,                 0.8136,                0.74442,                 0.8071,                0.57061,                 1.1992,                0.51798,                0.98015,               0.005083,               0.005083,               0.005083
                    152,                 1.1661,                0.57481,                0.96906,                0.81571,                0.74349,                0.80733,                0.57053,                 1.1992,                0.51771,                0.98004,                0.00505,                0.00505,                0.00505
                    153,                 1.1638,                0.57416,                0.96675,                0.81635,                0.74314,                0.80758,                0.57094,                 1.1991,                0.51743,                0.97994,               0.005017,               0.005017,               0.005017
                    154,                 1.1712,                0.57665,                0.96842,                0.81643,                0.74422,                0.80788,                0.57126,                 1.1988,                0.51701,                0.97986,               0.004984,               0.004984,               0.004984
                    155,                 1.1658,                0.57513,                0.96896,                0.81269,                0.74641,                0.80766,                0.57139,                 1.1986,                0.51663,                0.97974,               0.004951,               0.004951,               0.004951
                    156,                 1.1691,                0.57442,                0.96853,                0.81754,                0.74449,                0.80821,                0.57179,                 1.1981,                0.51617,                 0.9796,               0.004918,               0.004918,               0.004918
                    157,                 1.1635,                0.57243,                0.96627,                0.81449,                0.74585,                0.80873,                0.57232,                 1.1982,                0.51586,                0.97939,               0.004885,               0.004885,               0.004885
                    158,                 1.1617,                0.57141,                0.96612,                0.80922,                0.75019,                0.80936,                0.57273,                 1.1986,                 0.5158,                0.97935,               0.004852,               0.004852,               0.004852
                    159,                 1.1662,                0.57077,                0.96767,                0.81165,                0.74865,                 0.8097,                0.57301,                 1.1988,                0.51551,                0.97927,               0.004819,               0.004819,               0.004819
                    160,                 1.1623,                0.57099,                0.96585,                0.81332,                0.74813,                0.80983,                0.57294,                 1.1991,                0.51531,                0.97917,               0.004786,               0.004786,               0.004786
                    161,                 1.1593,                0.57208,                0.96708,                0.81392,                0.74808,                0.81014,                0.57301,                 1.1993,                0.51504,                 0.9791,               0.004753,               0.004753,               0.004753
                    162,                 1.1633,                0.57025,                0.96701,                0.81396,                0.74866,                0.80995,                0.57347,                 1.1993,                0.51494,                0.97898,                0.00472,                0.00472,                0.00472
                    163,                 1.1616,                0.56809,                0.96613,                0.81421,                0.74956,                0.81003,                0.57345,                 1.1995,                0.51476,                0.97891,               0.004687,               0.004687,               0.004687
                    164,                 1.1564,                0.56688,                0.96587,                0.81441,                0.74985,                 0.8105,                0.57365,                    1.2,                0.51457,                0.97886,               0.004654,               0.004654,               0.004654
                    165,                 1.1557,                0.56564,                0.96458,                0.81309,                0.75027,                0.81094,                0.57393,                 1.2003,                0.51431,                0.97883,               0.004621,               0.004621,               0.004621
                    166,                 1.1506,                0.56161,                0.96412,                0.81168,                 0.7546,                0.81112,                0.57449,                 1.2009,                0.51442,                0.97881,               0.004588,               0.004588,               0.004588
                    167,                 1.1603,                0.56527,                0.96487,                0.81024,                0.75615,                0.81162,                0.57482,                 1.2006,                0.51415,                0.97871,               0.004555,               0.004555,               0.004555
                    168,                 1.1585,                0.56545,                0.96569,                 0.8088,                 0.7574,                 0.8119,                0.57531,                 1.2003,                 0.5139,                0.97863,               0.004522,               0.004522,               0.004522
                    169,                 1.1465,                 0.5598,                0.96316,                0.81003,                0.75719,                0.81183,                0.57517,                 1.2009,                0.51376,                0.97856,               0.004489,               0.004489,               0.004489
                    170,                 1.1469,                 0.5581,                0.96175,                0.80941,                 0.7578,                0.81205,                0.57571,                 1.2012,                0.51367,                0.97847,               0.004456,               0.004456,               0.004456
                    171,                 1.1483,                0.55926,                0.96045,                0.80868,                0.75972,                0.81231,                0.57624,                 1.2013,                0.51353,                0.97835,               0.004423,               0.004423,               0.004423
                    172,                 1.1509,                0.55929,                0.96195,                0.80827,                0.76044,                0.81262,                 0.5764,                 1.2013,                0.51328,                0.97829,                0.00439,                0.00439,                0.00439
                    173,                 1.1458,                 0.5588,                0.96233,                0.80827,                0.76088,                0.81272,                0.57663,                 1.2016,                0.51278,                0.97824,               0.004357,               0.004357,               0.004357
                    174,                 1.1463,                0.55872,                0.96331,                0.80686,                0.76227,                0.81276,                0.57646,                 1.2017,                0.51273,                0.97818,               0.004324,               0.004324,               0.004324
                    175,                 1.1526,                0.56208,                0.96236,                0.80722,                0.76147,                 0.8128,                0.57638,                 1.2014,                0.51252,                0.97814,               0.004291,               0.004291,               0.004291
                    176,                 1.1443,                0.55701,                0.96023,                0.80691,                0.76145,                0.81292,                0.57642,                 1.2016,                0.51221,                0.97807,               0.004258,               0.004258,               0.004258
                    177,                 1.1425,                0.55443,                0.96224,                0.80658,                0.76087,                0.81322,                0.57659,                 1.2021,                0.51203,                0.97802,               0.004225,               0.004225,               0.004225
                    178,                 1.1421,                0.55446,                0.96048,                0.80793,                0.76132,                0.81348,                0.57708,                 1.2026,                0.51197,                0.97798,               0.004192,               0.004192,               0.004192
                    179,                 1.1488,                0.55734,                0.96242,                0.80744,                0.76186,                0.81372,                0.57732,                 1.2025,                0.51196,                0.97796,               0.004159,               0.004159,               0.004159
                    180,                 1.1422,                0.55351,                0.95944,                0.80824,                0.76226,                0.81405,                0.57752,                 1.2028,                 0.5118,                0.97792,               0.004126,               0.004126,               0.004126
                    181,                 1.1361,                0.55086,                0.95865,                0.80932,                0.76137,                0.81405,                0.57806,                  1.203,                0.51148,                0.97787,               0.004093,               0.004093,               0.004093
                    182,                 1.1471,                0.55301,                0.96231,                0.81102,                0.76144,                0.81427,                0.57793,                  1.203,                0.51144,                0.97782,                0.00406,                0.00406,                0.00406
                    183,                 1.1341,                 0.5497,                0.95845,                0.80927,                0.76255,                0.81449,                0.57828,                 1.2037,                0.51118,                 0.9778,               0.004027,               0.004027,               0.004027
                    184,                 1.1347,                0.54927,                0.95831,                0.80833,                0.76244,                0.81464,                0.57819,                 1.2039,                0.51085,                 0.9777,               0.003994,               0.003994,               0.003994
                    185,                  1.133,                0.55036,                0.95708,                0.80871,                0.76285,                0.81514,                0.57848,                 1.2042,                0.51073,                 0.9777,               0.003961,               0.003961,               0.003961
                    186,                 1.1329,                0.54678,                0.95677,                0.80877,                0.76338,                0.81542,                0.57871,                 1.2047,                0.51055,                0.97764,               0.003928,               0.003928,               0.003928
                    187,                 1.1355,                0.54864,                0.95755,                0.80573,                0.76521,                0.81564,                0.57884,                 1.2052,                0.51021,                0.97766,               0.003895,               0.003895,               0.003895
                    188,                 1.1342,                0.54821,                0.95791,                0.80614,                0.76521,                0.81571,                0.57909,                 1.2052,                0.51008,                0.97758,               0.003862,               0.003862,               0.003862
                    189,                 1.1318,                0.54478,                0.95634,                0.80733,                0.76528,                0.81585,                0.57931,                 1.2056,                0.51009,                0.97758,               0.003829,               0.003829,               0.003829
                    190,                  1.128,                 0.5434,                0.95635,                0.80706,                0.76449,                0.81619,                0.57939,                 1.2058,                0.51007,                0.97757,               0.003796,               0.003796,               0.003796
                    191,                 1.1302,                0.54229,                0.95583,                0.80812,                0.76455,                 0.8162,                0.57952,                 1.2062,                0.50983,                0.97752,               0.003763,               0.003763,               0.003763
                    192,                 1.1372,                0.54531,                0.95742,                0.80649,                 0.7656,                0.81621,                0.57895,                 1.2062,                0.50959,                 0.9775,                0.00373,                0.00373,                0.00373
                    193,                 1.1297,                0.54416,                0.95533,                0.80707,                0.76574,                0.81638,                 0.5791,                 1.2066,                0.50943,                 0.9775,               0.003697,               0.003697,               0.003697
                    194,                  1.128,                0.54053,                0.95613,                0.80616,                0.76672,                0.81639,                0.57904,                 1.2072,                0.50941,                0.97749,               0.003664,               0.003664,               0.003664
                    195,                 1.1236,                0.54214,                0.95394,                0.80645,                0.76706,                0.81687,                0.57957,                 1.2077,                0.50921,                0.97748,               0.003631,               0.003631,               0.003631
                    196,                 1.1206,                0.53976,                0.95365,                0.80676,                0.76733,                0.81707,                0.57976,                  1.208,                0.50893,                0.97743,               0.003598,               0.003598,               0.003598
                    197,                 1.1288,                 0.5404,                0.95374,                0.80691,                 0.7681,                0.81709,                0.57977,                 1.2084,                0.50909,                0.97748,               0.003565,               0.003565,               0.003565
                    198,                 1.1246,                 0.5368,                0.95481,                0.80906,                0.76571,                0.81707,                0.57993,                 1.2089,                0.50912,                0.97749,               0.003532,               0.003532,               0.003532
                    199,                 1.1267,                0.54152,                0.95578,                0.81129,                 0.7649,                0.81694,                0.58023,                 1.2088,                0.50897,                0.97746,               0.003499,               0.003499,               0.003499
                    200,                 1.1197,                  0.537,                0.95369,                 0.8108,                0.76476,                0.81686,                0.58042,                 1.2094,                0.50899,                0.97744,               0.003466,               0.003466,               0.003466
                    201,                 1.1202,                0.53636,                0.95309,                0.81181,                0.76433,                0.81669,                0.58011,                   1.21,                0.50888,                0.97744,               0.003433,               0.003433,               0.003433
                    202,                 1.1185,                0.53513,                0.95059,                0.81223,                0.76462,                0.81667,                 0.5801,                 1.2104,                0.50903,                0.97751,                 0.0034,                 0.0034,                 0.0034
                    203,                 1.1177,                0.53375,                0.95388,                0.81389,                0.76286,                0.81683,                 0.5802,                 1.2106,                0.50886,                0.97747,               0.003367,               0.003367,               0.003367
                    204,                 1.1166,                0.53497,                0.95415,                0.81458,                0.76419,                0.81686,                0.58014,                 1.2111,                0.50853,                0.97751,               0.003334,               0.003334,               0.003334
                    205,                 1.1168,                0.53222,                0.95072,                0.81063,                0.76691,                0.81669,                 0.5802,                 1.2115,                0.50853,                0.97756,               0.003301,               0.003301,               0.003301
                    206,                 1.1086,                0.53068,                0.95063,                 0.8103,                 0.7682,                0.81685,                0.58021,                  1.212,                0.50868,                0.97759,               0.003268,               0.003268,               0.003268
                    207,                 1.1158,                0.53126,                0.95079,                0.81183,                0.76597,                0.81691,                0.58015,                 1.2123,                0.50877,                0.97761,               0.003235,               0.003235,               0.003235
                    208,                 1.1045,                0.52818,                0.94957,                   0.81,                 0.7672,                0.81698,                0.58024,                 1.2131,                0.50844,                0.97766,               0.003202,               0.003202,               0.003202
                    209,                 1.1045,                0.52661,                0.94845,                0.80972,                0.76793,                0.81693,                0.58043,                 1.2137,                0.50825,                0.97769,               0.003169,               0.003169,               0.003169
                    210,                 1.1043,                0.52769,                0.94946,                0.81241,                0.76596,                0.81717,                0.58019,                 1.2146,                0.50835,                0.97771,               0.003136,               0.003136,               0.003136
                    211,                 1.1058,                0.52473,                0.94912,                 0.8117,                0.76657,                0.81713,                 0.5802,                 1.2151,                0.50827,                0.97772,               0.003103,               0.003103,               0.003103
                    212,                 1.1096,                0.52831,                0.94945,                0.81289,                0.76592,                0.81735,                0.58017,                 1.2154,                0.50807,                0.97773,                0.00307,                0.00307,                0.00307
                    213,                 1.1185,                0.53066,                 0.9506,                0.81227,                0.76773,                0.81729,                0.58015,                 1.2151,                0.50813,                0.97775,               0.003037,               0.003037,               0.003037
                    214,                 1.1052,                0.52655,                0.94997,                0.81211,                0.76864,                0.81738,                0.58012,                 1.2155,                0.50836,                0.97776,               0.003004,               0.003004,               0.003004
                    215,                 1.1019,                 0.5223,                0.94737,                0.81358,                 0.7656,                0.81733,                0.58014,                 1.2163,                 0.5081,                0.97786,               0.002971,               0.002971,               0.002971
                    216,                 1.1001,                0.52206,                0.94808,                0.81275,                0.76791,                0.81733,                0.58006,                 1.2169,                0.50802,                 0.9779,               0.002938,               0.002938,               0.002938
                    217,                 1.0977,                0.52057,                0.94597,                0.81235,                0.76797,                0.81753,                0.58027,                 1.2178,                0.50798,                0.97791,               0.002905,               0.002905,               0.002905
                    218,                 1.0977,                0.52355,                0.94771,                0.81289,                 0.7668,                0.81739,                0.57999,                 1.2184,                0.50785,                0.97795,               0.002872,               0.002872,               0.002872
                    219,                 1.0955,                0.51983,                 0.9473,                0.81592,                0.76631,                0.81746,                0.57966,                 1.2187,                0.50772,                0.97797,               0.002839,               0.002839,               0.002839
                    220,                 1.0992,                0.51971,                0.94675,                0.80834,                0.77209,                0.81757,                0.57958,                 1.2193,                0.50781,                0.97798,               0.002806,               0.002806,               0.002806
                    221,                 1.1009,                0.52049,                0.94858,                0.81512,                0.76532,                0.81748,                0.57921,                 1.2193,                0.50781,                0.97798,               0.002773,               0.002773,               0.002773
                    222,                 1.0974,                0.51942,                0.94637,                0.81528,                0.76539,                0.81759,                0.57952,                 1.2196,                0.50814,                0.97804,                0.00274,                0.00274,                0.00274
                    223,                 1.0883,                0.51361,                0.94521,                0.81576,                0.76617,                0.81769,                0.57919,                 1.2201,                0.50819,                0.97803,               0.002707,               0.002707,               0.002707
                    224,                 1.0909,                0.51414,                0.94314,                0.81724,                0.76507,                0.81786,                0.57934,                 1.2206,                 0.5081,                0.97805,               0.002674,               0.002674,               0.002674
                    225,                 1.0879,                0.51428,                0.94436,                0.81642,                0.76492,                 0.8181,                0.57965,                  1.221,                0.50808,                0.97808,               0.002641,               0.002641,               0.002641
                    226,                  1.084,                0.51196,                 0.9435,                0.81575,                0.76581,                0.81797,                 0.5797,                 1.2216,                0.50806,                0.97808,               0.002608,               0.002608,               0.002608
                    227,                 1.0857,                0.51222,                 0.9427,                0.81001,                0.77054,                0.81775,                0.57971,                  1.222,                0.50813,                0.97809,               0.002575,               0.002575,               0.002575
                    228,                 1.0884,                 0.5116,                0.94229,                0.80997,                0.76966,                0.81803,                0.57965,                 1.2222,                0.50825,                0.97814,               0.002542,               0.002542,               0.002542
                    229,                 1.0815,                0.50987,                0.94066,                 0.8099,                0.77092,                0.81778,                0.57983,                 1.2228,                0.50822,                0.97815,               0.002509,               0.002509,               0.002509
                    230,                 1.0841,                0.51095,                0.94457,                0.80946,                0.77291,                0.81767,                0.57936,                  1.223,                0.50829,                0.97815,               0.002476,               0.002476,               0.002476
                    231,                 1.0812,                0.50762,                0.94259,                0.81041,                0.77126,                0.81769,                0.57915,                 1.2238,                0.50832,                0.97818,               0.002443,               0.002443,               0.002443
                    232,                 1.0825,                0.50805,                 0.9417,                0.81084,                0.77067,                0.81789,                0.57924,                  1.224,                0.50833,                 0.9782,                0.00241,                0.00241,                0.00241
                    233,                 1.0779,                0.50726,                0.94109,                0.81071,                0.77114,                 0.8176,                0.57923,                 1.2246,                0.50841,                0.97823,               0.002377,               0.002377,               0.002377
                    234,                 1.0752,                0.50632,                0.94059,                0.81278,                0.76934,                0.81763,                0.57901,                 1.2253,                0.50846,                0.97831,               0.002344,               0.002344,               0.002344
                    235,                 1.0766,                0.50552,                0.94187,                0.81457,                0.76854,                0.81768,                0.57916,                 1.2257,                0.50834,                0.97835,               0.002311,               0.002311,               0.002311
                    236,                 1.0741,                0.50404,                 0.9396,                0.81627,                0.76703,                0.81751,                0.57917,                  1.226,                0.50828,                0.97837,               0.002278,               0.002278,               0.002278
                    237,                 1.0727,                0.50293,                0.93938,                0.81695,                0.76732,                 0.8174,                0.57893,                 1.2264,                0.50828,                0.97839,               0.002245,               0.002245,               0.002245
                    238,                 1.0813,                0.50537,                0.94099,                0.81803,                0.76713,                0.81711,                 0.5788,                 1.2265,                0.50847,                 0.9784,               0.002212,               0.002212,               0.002212
                    239,                 1.0684,                0.50187,                0.93796,                0.81867,                  0.767,                0.81781,                0.57863,                 1.2271,                0.50844,                0.97846,               0.002179,               0.002179,               0.002179
                    240,                 1.0689,                 0.5002,                0.93763,                0.81945,                0.76634,                0.81737,                0.57849,                 1.2278,                0.50863,                0.97859,               0.002146,               0.002146,               0.002146
                    241,                  1.072,                0.50059,                0.93913,                0.81905,                0.76651,                0.81754,                0.57859,                 1.2282,                0.50874,                0.97865,               0.002113,               0.002113,               0.002113
                    242,                  1.067,                 0.5002,                 0.9385,                0.82004,                0.76593,                0.81738,                0.57855,                 1.2287,                0.50888,                0.97873,                0.00208,                0.00208,                0.00208
                    243,                 1.0702,                0.50001,                0.93885,                0.82084,                0.76608,                0.81694,                0.57815,                 1.2292,                0.50894,                0.97881,               0.002047,               0.002047,               0.002047
                    244,                 1.0615,                0.49629,                 0.9363,                0.81981,                0.76634,                0.81692,                0.57833,                 1.2296,                0.50896,                0.97882,               0.002014,               0.002014,               0.002014
                    245,                  1.065,                0.49608,                0.93767,                0.81906,                0.76835,                0.81681,                0.57828,                 1.2301,                0.50888,                0.97891,               0.001981,               0.001981,               0.001981
                    246,                 1.0553,                0.49104,                0.93495,                0.81859,                0.76987,                0.81683,                0.57844,                 1.2311,                0.50919,                0.97893,               0.001948,               0.001948,               0.001948
                    247,                  1.062,                0.49531,                0.93618,                0.81568,                0.77106,                0.81668,                0.57852,                 1.2312,                 0.5092,                0.97897,               0.001915,               0.001915,               0.001915
                    248,                 1.0563,                0.49169,                0.93519,                0.81702,                0.77101,                0.81679,                0.57859,                 1.2321,                0.50918,                0.97904,               0.001882,               0.001882,               0.001882
                    249,                 1.0515,                0.48753,                 0.9328,                0.81887,                0.76929,                0.81638,                 0.5784,                 1.2328,                0.50916,                 0.9791,               0.001849,               0.001849,               0.001849
                    250,                 1.0523,                0.49009,                0.93388,                0.82085,                0.76896,                0.81623,                 0.5779,                 1.2333,                0.50935,                0.97915,               0.001816,               0.001816,               0.001816
                    251,                 1.0538,                0.48624,                0.93298,                0.82064,                0.76836,                0.81605,                0.57766,                 1.2338,                0.50926,                0.97925,               0.001783,               0.001783,               0.001783
                    252,                 1.0542,                0.48708,                0.93322,                0.82049,                0.76758,                0.81584,                0.57782,                 1.2343,                0.50938,                0.97933,                0.00175,                0.00175,                0.00175
                    253,                 1.0506,                0.48631,                0.93296,                0.82065,                0.76639,                0.81569,                 0.5775,                 1.2349,                 0.5095,                0.97944,               0.001717,               0.001717,               0.001717
                    254,                 1.0489,                0.48718,                0.93236,                0.82121,                0.76587,                0.81567,                0.57786,                 1.2352,                0.50963,                 0.9795,               0.001684,               0.001684,               0.001684
                    255,                 1.0473,                 0.4874,                0.93228,                0.82051,                0.76597,                0.81542,                0.57742,                 1.2358,                 0.5097,                0.97961,               0.001651,               0.001651,               0.001651
                    256,                  1.044,                0.48267,                0.93145,                 0.8186,                0.76718,                0.81543,                0.57734,                 1.2365,                0.50976,                0.97966,               0.001618,               0.001618,               0.001618
                    257,                 1.0468,                0.48454,                0.93154,                0.81806,                0.76746,                0.81524,                0.57717,                 1.2369,                0.50978,                0.97977,               0.001585,               0.001585,               0.001585
                    258,                 1.0409,                0.48253,                0.93098,                0.81709,                0.76768,                0.81511,                0.57731,                 1.2374,                0.50973,                0.97983,               0.001552,               0.001552,               0.001552
                    259,                 1.0431,                0.48346,                0.93128,                0.81657,                 0.7683,                0.81497,                0.57717,                 1.2377,                0.50985,                0.97993,               0.001519,               0.001519,               0.001519
                    260,                 1.0434,                0.48263,                0.93061,                0.81807,                0.76633,                0.81484,                0.57693,                  1.238,                 0.5099,                0.97998,               0.001486,               0.001486,               0.001486
                    261,                 1.0346,                0.47892,                0.92745,                0.81974,                0.76467,                0.81477,                0.57707,                 1.2386,                0.51001,                0.98005,               0.001453,               0.001453,               0.001453
                    262,                 1.0369,                0.47886,                0.92927,                0.81989,                 0.7643,                0.81485,                 0.5772,                 1.2392,                0.51008,                0.98017,                0.00142,                0.00142,                0.00142
                    263,                 1.0335,                0.47851,                 0.9272,                0.82064,                0.76376,                0.81463,                 0.5771,                 1.2397,                 0.5101,                0.98027,               0.001387,               0.001387,               0.001387
                    264,                 1.0327,                0.47591,                0.92864,                0.82275,                 0.7627,                0.81445,                0.57661,                 1.2401,                0.51034,                0.98036,               0.001354,               0.001354,               0.001354
                    265,                 1.0295,                0.47713,                0.92808,                0.82018,                0.76464,                0.81419,                0.57632,                 1.2407,                0.51041,                0.98045,               0.001321,               0.001321,               0.001321
                    266,                 1.0277,                0.47451,                0.92786,                0.81648,                0.76811,                0.81441,                0.57659,                 1.2414,                0.51033,                0.98048,               0.001288,               0.001288,               0.001288
                    267,                 1.0246,                0.47206,                0.92453,                0.81946,                0.76376,                0.81437,                0.57662,                  1.242,                 0.5105,                0.98058,               0.001255,               0.001255,               0.001255
                    268,                 1.0236,                0.47126,                0.92665,                0.82046,                 0.7634,                0.81393,                0.57642,                 1.2426,                0.51068,                0.98067,               0.001222,               0.001222,               0.001222
                    269,                 1.0274,                0.47274,                0.92546,                 0.8186,                0.76448,                0.81397,                0.57622,                 1.2429,                0.51098,                0.98072,               0.001189,               0.001189,               0.001189
                    270,                 1.0245,                0.47007,                0.92564,                0.81774,                0.76489,                0.81368,                0.57606,                 1.2434,                0.51097,                 0.9808,               0.001156,               0.001156,               0.001156
                    271,                 1.0202,                0.46909,                0.92532,                0.81832,                0.76363,                0.81349,                0.57621,                  1.244,                0.51131,                0.98094,               0.001123,               0.001123,               0.001123
                    272,                  1.016,                0.46706,                0.92423,                0.81823,                0.76356,                0.81337,                0.57593,                 1.2445,                0.51149,                  0.981,                0.00109,                0.00109,                0.00109
                    273,                 1.0129,                0.46532,                0.92308,                0.81787,                0.76467,                0.81324,                0.57601,                 1.2452,                 0.5116,                 0.9811,               0.001057,               0.001057,               0.001057
                    274,                 1.0145,                0.46507,                0.92234,                0.81418,                0.76709,                0.81333,                0.57604,                 1.2458,                0.51177,                0.98118,               0.001024,               0.001024,               0.001024
                    275,                 1.0123,                0.46539,                0.92181,                0.81559,                0.76699,                 0.8132,                0.57621,                 1.2463,                0.51196,                0.98135,               0.000991,               0.000991,               0.000991
                    276,                 1.0189,                0.46782,                0.92336,                0.81693,                0.76389,                0.81301,                0.57597,                 1.2463,                0.51212,                0.98146,               0.000958,               0.000958,               0.000958
                    277,                 1.0086,                0.46167,                0.92245,                0.81565,                0.76599,                  0.813,                0.57588,                  1.247,                0.51237,                0.98155,               0.000925,               0.000925,               0.000925
                    278,                 1.0074,                0.46164,                0.92206,                0.81655,                0.76472,                0.81281,                0.57611,                 1.2473,                0.51261,                0.98165,               0.000892,               0.000892,               0.000892
                    279,                 1.0061,                0.46218,                0.92135,                0.81428,                0.76597,                0.81286,                0.57623,                 1.2477,                0.51266,                0.98172,               0.000859,               0.000859,               0.000859
                    280,                 1.0077,                0.46114,                0.92135,                 0.8117,                0.76744,                0.81292,                0.57638,                 1.2481,                0.51279,                0.98181,               0.000826,               0.000826,               0.000826
                    281,                  1.003,                 0.4601,                0.92083,                0.81121,                0.76658,                0.81285,                0.57598,                 1.2485,                0.51302,                0.98193,               0.000793,               0.000793,               0.000793
                    282,                 1.0026,                0.45757,                0.91974,                 0.8148,                0.76505,                0.81266,                0.57601,                 1.2492,                0.51318,                0.98203,                0.00076,                0.00076,                0.00076
                    283,                 1.0058,                  0.458,                0.92016,                0.81449,                0.76497,                0.81276,                0.57645,                 1.2495,                0.51332,                0.98212,               0.000727,               0.000727,               0.000727
                    284,                 0.9967,                  0.457,                0.91892,                0.81546,                0.76482,                0.81256,                0.57627,                 1.2499,                0.51351,                0.98219,               0.000694,               0.000694,               0.000694
                    285,                0.99439,                0.45601,                0.91948,                0.81534,                  0.763,                0.81231,                0.57602,                 1.2502,                0.51367,                0.98228,               0.000661,               0.000661,               0.000661
                    286,                0.99668,                0.45544,                0.91872,                0.81509,                0.76342,                0.81224,                0.57581,                 1.2507,                0.51387,                0.98241,               0.000628,               0.000628,               0.000628
                    287,                0.99759,                 0.4553,                0.91893,                0.81723,                0.76242,                0.81207,                0.57543,                 1.2512,                0.51411,                0.98255,               0.000595,               0.000595,               0.000595
                    288,                0.99223,                 0.4532,                0.91794,                0.81659,                0.76249,                0.81215,                0.57561,                 1.2517,                0.51444,                0.98269,               0.000562,               0.000562,               0.000562
                    289,                 0.9899,                0.45015,                0.91586,                0.81569,                0.76364,                0.81185,                 0.5755,                 1.2524,                 0.5146,                0.98282,               0.000529,               0.000529,               0.000529
                    290,                0.98864,                0.45068,                0.91723,                0.81645,                0.76232,                0.81167,                0.57528,                 1.2528,                0.51472,                0.98295,               0.000496,               0.000496,               0.000496
                    291,                0.89659,                0.36937,                0.90875,                0.81556,                0.76329,                0.81151,                0.57553,                 1.2584,                0.51498,                0.98286,               0.000463,               0.000463,               0.000463
                    292,                 0.8895,                0.36423,                0.90602,                 0.8169,                0.76165,                0.81164,                0.57553,                 1.2625,                0.51526,                0.98279,                0.00043,                0.00043,                0.00043
                    293,                0.89195,                0.36028,                0.90392,                0.81739,                0.76152,                0.81157,                0.57569,                 1.2648,                 0.5153,                0.98267,               0.000397,               0.000397,               0.000397
                    294,                0.89461,                0.35924,                0.90343,                 0.8172,                 0.7616,                0.81147,                0.57594,                 1.2663,                0.51553,                0.98266,               0.000364,               0.000364,               0.000364
                    295,                0.89586,                0.35732,                0.90224,                0.81771,                0.76172,                0.81112,                0.57565,                 1.2669,                0.51542,                0.98258,               0.000331,               0.000331,               0.000331
                    296,                0.89612,                0.35633,                0.90134,                0.81283,                0.76547,                0.81081,                0.57626,                 1.2669,                0.51581,                0.98254,               0.000298,               0.000298,               0.000298
                    297,                 0.8965,                0.35483,                0.90183,                0.81222,                0.76652,                0.81058,                0.57621,                 1.2666,                0.51608,                0.98247,               0.000265,               0.000265,               0.000265
                    298,                 0.8925,                0.35271,                0.90006,                0.81314,                0.76611,                0.81037,                0.57616,                 1.2662,                0.51608,                0.98238,               0.000232,               0.000232,               0.000232
                    299,                0.89546,                0.35285,                0.89927,                0.81265,                0.76648,                0.81047,                0.57646,                 1.2655,                0.51631,                0.98243,               0.000199,               0.000199,               0.000199
                    300,                0.89122,                0.35068,                0.89768,                0.81187,                0.76671,                0.81024,                0.57638,                 1.2649,                0.51654,                0.98245,               0.000166,               0.000166,               0.000166
